FileName,Code
85a2b5280cf44ee0bbedbc97ee45d2d5.jpg,1
f75f1e81924a43f2b6491035b6c7a491.jpg,1
aad9b2f79a9f46d4a343c3cface61871.jpg,1
6a7ed6298c0c416d8f3acaba370798d9.jpg,1
46f9e40599a84c299e8949f137d45c83.jpg,1
5974692e72d1403c942a3a50c88fabbd.jpg,1
697f8e8eb9144b0c8c6426aa39e121d3.jpg,1
ff15be1d735a463b92738a4e436f0a0d.jpg,1
8322bfd3532d4945bdc5aa276ebf0608.png,1
eef0565d4e474fb4b186313aceb0a86e.png,1
1126bf51d61f45098fabb20db4212be2.jpg,1
e353e8822ed746e7ab92687cb90f3307.jpg,1
8dc9c7aee62a436fbfba15eea4ef9d7b.jpg,1
3455149b154f44cb89a8833a2f97dc4c.jpg,1
e5be8577963549e099465626def8a70c.jpg,1
b6b70daf35874c35933fd69b65cc16d5.jpg,1
37d20971e1c44e05a59081d7239169ad.jpg,1
adeeb389c0644ddea3e09e6161f65380.jpg,1
ee522f8559ec401e80867eca88f3f707.jpg,1
41a6371cd60a4a1899c88c438d466f40.jpg,1
c63776a21ab24f38bc59b7b4511d2d27.jpg,1
8adab4e10a5347d9b3bb4f5082026da7.jpg,1
c8262e8e02904eea94ba1a340ddbc021.jpg,1
3b117c0c173349d9b3f8a51b83272914.png,1
5bc17f3c9d274b999142f0928736b74f.jpg,1
184d89f5294b4edfab68c2726cff2379.jpg,1
828e23b6907044158db33ecc28d3e8ba.jpg,1
eba7b0cdc935435a9d7451aaa9608b70.jpg,1
ab3c71a30a9f4401b71a67a5e1485deb.jpg,1
fa8bdd61a1a040568ef8a9483ac14c8d.jpg,1
54bfad86eacf460b923cb72c5861533f.jpg,1
caafdf3d0797468883229430b71e1c00.jpg,1
18ed2252510841e1b181e0162896160b.jpg,1
e264471945f2499c93d37a883e15791f.jpg,1
1107025d765e447bb0d4602dd4d97fbf.jpg,1
9b0b4a8817c9452f9b21b668f0b512cd.jpg,1
da2fa2084214407887162f8fccdf2f28.jpg,1
e73d1c5db62e4ba1886b392e3f535f6d.png,1
296c903030364fe3adb85caa2064f1f9.jpg,1
c6723931f6f046d39d3b08805f91a9be.jpg,1
f61e2c5173a546f381144dcb9163230f.jpg,1
fef4dd51904e49ffbc88ff563769614f.jpg,1
0470f3370a6f40d1a75c11418dbd801f.jpg,1
1464b1fe38994ab6a2f7a7469cf7b418.jpg,1
08b33609774c46109394d067c072d3dd.jpg,1
e97af69f23a142f784abcd427dbcfe95.jpg,1
3f873e7bcc1b432d9a14b412d4d51a7e.jpg,1
39b9811065ba429e8f3323ff8f21d78e.jpg,1
a7548dd23656478393beba6b45b62fe0.jpg,1
b3ca7274063d4606b1e646a45abb26e5.jpg,1
e441f975ffaf4594b0d4669cbdd9bb50.jpg,1
3bf37c4e92a247cb9e9d89cd1d746358.jpg,1
20d275bb9c1045aa9cda41ea77c66587.jpg,1
30428f05c6334384ba1896e30df9a93f.png,1
338d30d54f03438d9d131111a761236e.jpg,1
56e22e39aebf419295ee51cf11835392.png,1
dbd06c059eb14d018b09d50759e96a25.jpg,1
29103c158b3241d6b245b546fd1cc90e.png,1
e1b3621c7074452faad9f00176a20a03.jpg,1
daa704fa35f84d9d95c92c6587956480.jpg,1
37f0351c18dc4d6891d702c826983b51.jpg,1
0e029c7fc02743119cd064ddca6fbdab.jpg,1
31704b779d5b4b728c007b4e4e3055d0.jpg,1
1608c62369fe4014afb00adcea85b0dc.png,1
adf9b4069f2e4b73adc26e272d31c714.jpg,1
20a08a1126074e6288a6e0c504419b5d.jpg,1
bbdd5995c0a84c87b231f55fd8b9813f.jpg,1
dd4d9cca95c84634b8f6c4027bd5a299.jpg,1
d37fd745cf2846abb2a9a1822ec113a4.jpg,1
7c3b58d0012943338314734cf8552b1d.jpg,1
4f2370929c0345c7a6075f5a01d82a5f.jpg,1
ed1f8292467e4f83a40595e9341c77fe.png,1
7a69f19484774e738eebb0eabb6d09f8.jpg,1
12ea8479e303463c84f579660abf2e0b.jpg,1
d701bb2cb9f84263955354f882f60478.png,1
99816f0215c54bfa8c708171b124a468.png,1
5ee9a0fd5369498e9b80ce93e3099984.jpg,1
d3319840482d4bffa6f715f012955460.jpg,1
77503466724940f3b9d46260bac747a5.jpg,1
0396bfc954da49c6b7482a2fc91ee7b8.jpg,1
d48e9100e70f49a6b4631b8b75cb4d03.jpg,1
168ca99d0be2402d845afa47a6ed7a73.jpg,1
b6eb9f457e0344caaceb1043a4751c63.jpg,1
fab23f9535ee43d2a3743acfcee2b62f.jpg,1
4b8a9f91fdf94303aee57e5349d94a05.jpg,1
788b164825094f45bb8db088389e692d.png,1
6e0e9dffe96343119e8cd7a5511eeffd.jpg,1
27301feebb3e4a1d8db32f28436e7159.jpg,1
6e2a496c88d54ae9bcae3b86e6b58a35.jpg,1
75964f2e69b04f158ced2b99c71bc6f9.png,1
19f157e0bba44cdc8f77f295540a7604.jpg,1
8b560b15303a420484210e9bb1513550.jpg,1
865e04c862a5474689c92a75e2140b3e.jpg,1
f4f1d41075884c1bb14e56f71a98210e.jpg,1
73076c9ac79249c89860aa17013fd94b.png,1
d29d9ae2b684406c9a3ef3f45142a332.jpg,1
7142cade846547fda883318a28999772.jpg,1
6e472310b02941d2a9366789e3c55f4d.jpg,1
c32d18011d8d45779fc7a2e4be575412.jpg,1
2c1e47ce574641cfa8fe0f7680cbd6c9.jpg,1
e4af0fdc313b4397987e60d23c4459b0.jpg,1
b58cf413128f4937a08503b1dff7fe8f.jpg,1
03b84cdf3c7d47a188b6b78113b4d529.jpg,1
c8273d76fde74d68ac59e7023e24055c.jpg,1
c60454f465aa473ba0e72e6475f3af37.jpg,1
edfac05ac71f4cb4a171aebbf70c836a.png,1
fc4fc6c72c2d403291bf6e24820f037b.png,1
4cf70b4c0f4743bbb29626644017869a.jpg,1
ad1ce0a2b1bb4f5dac64b631a7541adc.jpg,1
60508d7bbdc34a1aacfc6560b99feb23.jpg,1
e0e69a5a3d8c472a82ff3e5534d83885.png,1
e43be60f42f144dba4cce4e72d3dbf9f.jpg,1
f22f909830314fe885bc79462b6abdfc.png,1
9d9320726afa44b4973690386af8723b.png,1
d95abff3a89c4809baab51dabfc922a4.jpg,1
c4c7daf749d5444485c21e7c4c54f4d2.png,1
98dda0a2098140f58f4cc892399858c9.jpg,1
2b8175e810f34884b2d7d11ff186a83d.jpg,1
f368d937d6a84b10b2d5781eedd9061e.jpg,1
4def84844926427ea93605d3a26885e0.jpg,1
99cebe30735644cd8796540910c654c4.jpg,1
dcc986eb1d3e4902a98671b3c8673fd3.png,1
dcb95d5d59fd4439a768d21ad8d64242.png,1
9d5784061c2b4c58b35eddff133944b6.jpg,1
0aedb75f031b4d3b89529dd2ce958d4e.png,1
cbb6aced6c4e45eaa5908e881a18fa12.png,1
5fcb3dfe45bc40309f5a03bf23dd8ce9.jpg,1
f2e7db7232b34b1e9029428c3641eff8.jpg,1
71a630638f704599986e7797ab9f0dab.jpg,1
e7926d8f2af24b8ea2e724027d60a148.jpg,1
d6cc314535b44a87a08430350c8b5600.jpg,1
18b4448237bd4561aba8ad07af8b9073.jpg,1
d4c3f5ad3b954d8aa9ea14d322bc68cf.jpg,1
fa1924a24d0047d5a8f8fb6ce67f48e7.jpg,1
56189355f2594f9d8a6bafc3e47c8906.jpg,1
4eb3e5fbbfad4061b5238abd663dcfc4.jpg,1
d95135761c0e4306ab50fb66b97cfd75.jpg,1
575e92ca6e3b41dcaaad8890a332d80d.jpg,1
4fae754c4ae244f099b46bfdf0c91b4f.jpg,1
16da32611e6a42838c4d3e77888d213b.jpg,1
37a49ed849304ce79789747ef74bc99a.jpg,1
5b44d63e0300442eb1595f9ad1661248.jpg,1
1a3874f39e4e45f88d550b61ef527b9d.jpg,1
e4e894c57e6d419fb2cf759b8fa7f711.jpg,1
4a40099c6754483bb8541845fcf68cd2.jpg,1
1a0b40ec169f4a1d918f1c6de27f107e.png,1
be9f98c8728840d082389f3185c07aa0.jpg,1
489de7f607bb4fda8298072f84c2a038.jpg,1
801141cd850f4e29979bff18bcfd2bd0.jpg,1
1eadb807524944818f47cf49ee642d3a.jpg,1
85a6d502fc154696b1d49f6aeb845317.jpg,1
1a45d3276075472fa9ba86ea20b42122.png,1
53d1801590b04c2ba24c053cf1f9e04f.jpg,1
448266b6a49c404a98dbe32332623ab2.jpg,1
6f3585717d7a49c6a58cc41989158773.jpg,1
48cb188cb93a426c8ec80e6e5ab511df.png,1
f86e55b1d09f48298cbf898e529243cd.jpg,1
a442c75c33a04caf9bb229f4b038125a.jpg,1
bcef12416c644b069794cb126a13db73.jpg,1
4dfc3a1347174309a454af50386f5e3d.jpg,1
3f054133b9b84bb698dc20a5401a1187.jpg,1
c570acd1deb4481dbe850c26088aafae.jpg,1
f4184ee1b34e40ffacbe2fc7cfcc3a62.jpg,1
680514fdc8904bdab17a1150f7b15742.jpg,1
585feb84377b47d3a5d128102fd03bc5.jpg,1
4b6b36cbc0464db399c2c29df59e1714.jpg,1
36ac23ceb6e64d8aae701ee8ebbe7422.jpg,1
6a34cd88fa894276a8fc5d8bd302f966.png,1
53ee170c4b8d495483c10fc3f9f312a1.jpg,1
c780f6ae7e644d81a31610118fd9deb0.jpg,1
94a56fcf32774a02959381cf56a163d8.jpg,1
fc1f75691ae0439898601073f29d0f50.png,1
b04670cf9c0242f5a11071a898ddd554.png,1
eb0b0b56619a4cbdabef78c0cdc3775c.jpg,1
b5cfb34905404d41ab69375a94b6e0c5.png,1
23f105cb70f24e5bbed9bcd4405b086a.jpg,1
62914525db6f4031b120a029eed94249.jpg,1
1d159b076c8c48158192ffe0fc8c6742.jpg,1
686c79926192489b820631d68cfdb4c7.jpg,1
2c5e6f93c24f4aa2a1eafc758899ec90.jpg,1
13510e4ae6114583984c06304dba7521.jpg,1
38bf8b2312a445dc837f497565678a2f.jpg,1
0fc697a85f9543c3ac190a61baa09b18.jpg,1
61af9e105ce94bcfa1f74b15463ecd2f.jpg,1
9ad1fab9122e4a46b52fe8e1de85e58a.png,1
52536408b6c64f248eace4d9886d405f.jpg,1
1bc6e4575d154e83b81326ff5bc32c78.jpg,1
415ab9e8bb294fec9e39b2040e386bbd.jpg,1
09ab2241a4844d8d889aca8be7411350.jpg,1
73c57e362d9d457eb45de00d530604c4.jpg,1
8364e0010e1543799ce0d9a155b6c821.png,1
7dc076c347a34145a134ddb995991c5c.jpg,1
858cdf83ff6a4f2287a8650c280ca989.png,1
3400ad85710444b4ab29e913db8b5950.jpg,1
d4cece546eaa4e0fad503fa93fbfba92.png,1
1fedca9b05fa4c20babe9f82c63e34ba.jpg,1
28f18281c588490db0e5180060aacd65.jpg,1
4d7b4deb46a84e0d9135a74dc374d01a.jpg,1
93e18f90ce7b47e1964b172087224c45.jpg,1
0bc1370721e34e2383928b447457a2c4.jpg,1
5d0c1b29b0674087b58b41f45a4c4b74.jpg,1
870bba61d3da46e4b9dfc9ef54633422.jpg,1
c5028911a077435eacb51b5e474d6df0.jpg,1
da56ea619d454129864fc2192ab980a5.jpg,1
7e665eb3cc874c618d7e0442002c015b.jpg,1
13ba42b1b5d24f02b568f10d4d5e3cf8.jpg,1
6b3eaf3214ac4d7e95ddcf3b566d91ba.jpg,1
08e795f40063404f97112c6baafd6b6b.jpg,1
2f481581acf2461ea01c20abd6c32c17.png,1
b82f271351ef4c2da4bc990479d54c49.jpg,1
d07f0c1bbe0440daa44673c7da951552.jpg,1
43c762b1b7444906abc62396112099d5.jpg,1
31d1d6cd9ee14d45b29da97ed58d3195.jpg,1
a2f9e291e59d4886bfaf5c4f35d4bf19.jpg,1
e008cab30cd44a279d5e6f7aac02d5cc.jpg,1
60534275fc82428c881662a8451c27a0.png,1
d52e72ab8d7d41b783f0760c0c21b455.jpg,1
1b69026d575e46d798abb2ed20eeb404.jpg,1
5d733720f3764752ae1ea6beae4c253f.jpg,1
b544693bb56d447fb2a0c44c37b9c834.jpg,1
c69bbcd3c6e047478f073be9f6b8fd69.jpg,1
fbf3cfd7b4fb4fd78394c0929f114b78.png,1
b5a151898aaa4ab794aac153a4b2a489.jpg,1
f0c1eb798ed54fb5a14007de440ae4b3.png,1
0060ff0f9e88461792f4ccc21a617129.jpg,1
dabebdd90649432286a2e9f72cbde54e.jpg,1
b77488c29e8a4181ad62da7f7405a64b.jpg,1
d119d00dd1cf43c3bad9cd982955b73a.jpg,1
f443cf94e8374f769e835139d550832a.jpg,1
9d44a137dc7743408761c172cde13d1c.jpg,1
a555867df3654af1aa01efc5dd6ac4c0.jpg,1
25a13f78854f487c9d1a9924f0953c7d.jpg,1
85cc36370f9a45e99beb420881773fdc.jpg,1
deed5c45a55e417d864161fd980519b5.jpg,1
70e2629d5b5d4ddfa83d42139f2aba57.jpg,1
3a7421da7ec84b63a85602be4251a870.jpg,1
b6eaa769e8e443a3a399d299de612c19.jpg,1
488d795c50344c04849bfa4b4fc014ab.jpg,1
793497038e2e44b184aeb278bd0246e7.jpg,1
566e79d5859b44d79dcfecb1fe5f6026.jpg,1
222594874c9545048e440d98de3fb647.jpg,1
8718dc178ae244a29264a4032df3a59b.jpg,1
3c40b61ab59146b2a36a7c25e056c495.png,1
0f1a0d096aaa4148b5af353c5d91c102.jpg,1
72cd660cd3e549bc8689ff0f38b78eb6.png,1
509dab1d95ac4aa48b24e56286974512.jpg,1
dc7785c9b24e4b788a7460663461a659.jpg,1
160c223dc51a45c4852ae7ea07fb06cf.jpg,1
33fc8395dff24180a328339da0236089.jpg,1
a1d273432cec4daa877fd63c95bfb763.jpg,1
3c9310e23a584429a27700e5cd4b86b4.png,1
93b21c5e1d3b4a85b6f32424071e37c8.jpg,1
51b96f2c493749d4a10b3532646d2874.jpg,1
474580bb1a644b76ac8f8d793f4f9442.jpg,1
fd9106fdfe7140f9bf9bc8356645c4ba.jpg,1
4ddd2a41e0e4407d96f7dcdd539adc13.jpg,1
35b3e4db98594384a3177c0456f35170.jpg,1
6f9f3f1f17fc407cadae36483cd7f3b2.png,1
feaf5c508e5e45b0a6b25ee154019d25.jpg,1
991c6d05c4be41009eadab0f73582bad.jpg,1
734a2bc57bce4337b9670fbc5b206ecd.png,1
7e5f9ed0fcd040b8a2d824d9c6b93ef8.jpg,1
f1a85ca1f95a404cb0a3b0fd6c4cce6b.jpg,1
7dc6fa14d50d4953bced023b4ae14a1d.jpg,1
bf825c08d1a4406cae8ddd224945de67.jpg,1
1ddfcfdb0de040f1997fd7577bc55f94.png,1
36e88809e92f486bab65589f010af8b9.png,1
13fbf0a836524882bc2f8277bd37accb.jpg,1
c0e8065155a442d689900ea0decc767b.jpg,1
892534a937de465fb73e97da21f02836.png,1
6bdd555a37e646ef8fdf8f603609297b.png,1
bca2112bc71d480dbbaa04930ee9ec7c.jpg,1
e6bc64b3525441e88b7b469b11edeec0.jpg,1
0f7a639fece84c668ad0b0125ccc3095.png,1
603c9749a42b4745b5ad18fc4f949063.jpg,1
721da44ab3384fb1b67d31ffd0e0fbc8.jpg,1
6119d911c5f141a7a310180357157e0c.png,1
c015a2bccd4c41f29834e981af417b95.jpg,1
04fed256eb994897bc50a2559ee775c3.jpg,1
785726d4d9e04ac0bc02dd66e85cc75f.jpg,1
013a689aaf8d4e32ada88f3f7c621293.jpg,1
bda0e538e24140059a915b091a077d8e.jpg,1
95f1f6862337479c8aa02ceb691adf6d.jpg,1
4616e359c21d4415965b4b60ea12330f.jpg,1
f2ab42f62c8948ffa4a0732d232a8501.jpg,1
0b7f390cf98848c09120b0cfa9e01fdf.jpg,1
be60a0e185ee4b108ef279a53aae1f3f.jpg,1
828ddb5654964feda30d300582a2e6d7.png,1
9f8f47b37e9a4986892c086917f013cd.jpg,1
3cae31b6881e41db9e6f15d2e8755f09.jpg,1
f52d550b827740b9ab98995c61f3443a.jpg,1
8e94adede64d47baafed97f403a2c0d6.jpg,1
ffc92ceb5afe4fafae17575da3d458c2.jpg,1
76e466aa43194a90b5365a035c467c88.jpg,1
908fcb1def1f44629e06b285f051c570.jpg,1
b1a4c31ebb4247d2855461958f3158df.jpg,1
343842874d9d4bf582630e383da847ed.jpg,1
198af24abe28416e8d4879eb2e0b2845.png,1
4056dcf8c79f4ee5a76a6ca7e46c0a11.png,1
1d2083fb54c24f518653ba47eba94cb7.jpg,1
5074eceeb0b443fd970e39c4b7c149e7.png,1
11457e6124014a5e832296faa633ec3f.jpg,1
1816c69c276c4043a5fb682a00e0ef9e.png,1
4044cb97d3154929bfaed69af68ca496.jpg,1
87ac8e83406e4248834e53e05d9c651a.png,1
e1906e08fd2549cd8c6c6e02f26b31b1.jpg,1
08e3e4ad65374f06986e048bd303fdb7.jpg,1
15b40bb6f6af42efada6ce617260af21.jpg,1
6e72ca822748417f93155a0a2b8d33f9.png,1
1eb40e5c031b40129ba17e146e9f2611.jpg,1
7479f5cd1ea74b0ba9ed73fa5a6c0b86.jpg,1
bdb3efd2f9cc465391a2eec999dc590e.jpg,1
0ab5781ffba94f6487d4d4b11ce90820.jpg,1
56b8b4d5a27d48ff9b2948d0efa09e30.jpg,1
90b020d9b309411389a8c33caa281e86.jpg,1
ae27d9a1ce3c432f90480886a21edad6.jpg,1
164de020f325432ca0c6c3f3c0de2187.jpg,1
b15515556f7d4a32a4c14b58550ab6ba.png,1
dea9c34e9faa486ea13808a16ab42b97.png,1
3fe6833419c046e8b00b2cc72d265622.png,1
9827e9d0227d484598875682f1d79250.png,1
6fd4c31ce31644bf935e711b974ddb8b.png,1
8f58424d6bef4a31b469139f2fa4e0d7.jpg,1
fa5bc69128c14937b43428ac16fcfe70.jpg,1
476f4a4a7a1043b3afe8b1ffb3d085f8.jpg,1
be61453547fe4873b842eb2c8c96c4f7.jpg,1
bf20061a45ef4f06ad8755664509ea49.jpg,1
5246f3e60da9469c8fefe5fdd8b7efb0.jpg,1
b73200a7f66a4978a949a49fdae57bd4.jpg,1
0d7c4fce134e40b3a0f2172219ce875f.jpg,1
49ff2a5e9ac44cc491b6a125de6ca61a.jpg,1
aae7f358c58440899afcc6b30dd7fdfe.png,1
a35c232cc45e456e9c930fd9ac330551.jpg,1
fd99e4ff61e54b3daec179cece4b18e0.jpg,1
1e7cb66eaf0e4a28bd3c618cfd5a2166.jpg,1
d0000ce990264f55984154ca5369b041.jpg,1
a8f028febf8b468c86ac54f299c3656f.jpg,1
2c991fca51244f5fba8ca4685ad985bd.jpg,1
3182fd4824d8409db9fef5471704e8a1.png,1
62fb8776e6674953b0ee52f75ecaa238.jpg,1
ae15811534ac464387ded0caae0e81e5.png,1
2f8642e0e3d2434cab060467ba9bee2c.jpg,1
c3e1727cbde748f7b4e0ccf6bfd294be.jpg,1
16bd06e075594f058137ce21246b70a6.jpg,1
301fcee6306b4fcab4b2c364e9f3cd83.png,1
6d062a175c4d4f21ac0ad5838c584d05.png,1
df9dd42751dd4425a9c3e9db5974dc6b.jpg,1
ea20a576e62044b28b92fbeef6294170.png,1
233071961610463b83e6cb768449392b.jpg,1
c16f9392559b4abf95ec127e2ecef3e1.png,1
374d116a099a4fbfb032549f9953da49.png,1
7df7fd79518045e28e76ab31bc3fc9e3.jpg,1
00012346c7664a2a9c58750ba10e7a7c.jpg,1
e267a8371c304036b7a37bb993f32a91.jpg,1
ce125037adfc486bb2eb0d13cd2128e8.png,1
f744174368924407a6cefe1261d0ac47.jpg,1
bae223dc8e14403f91e393092e80a73b.jpg,1
88686fe63da2423eb6b8ecf4a3ede2b6.jpg,1
9ae71bcd5d144829af52844e7f345d67.jpg,1
285dc7d0503546ccb426475116555e97.jpg,1
2928becbc163422c87a1e8e44e199ae3.jpg,1
d386776107684c6093835ed6dedb58c3.jpg,1
fb64ffa9331f4580aafaa43ae32ddce9.jpg,1
4c9ede2a9be7447ba4376f72402211de.jpg,1
de75355cb0714791b396500485d77121.jpg,1
4129f4e41b3b4cb89c87ac53dfb71fdb.jpg,1
83a50f7ad15a40359882d722810b68bd.jpg,1
ffe3317736804db1a8915f36c6e0703a.jpg,1
33e4d47526ae4f4ea38c1ace3486443a.jpg,1
305d988bd59a46bb8f671c7881676201.jpg,1
5e4d7211883847028f6a9fb88ea9c1a0.jpg,1
f7a9e481ba854b19bbf1c9bc93f71f57.png,1
3f4c65dafb2b497785e1ed7168a06c59.png,1
6f853398317a43728522ed5b6439b1ca.jpg,1
0385348dd8c849d3b779386801f5d702.jpg,1
db84d854efb24d6fb69b93269ba99ee9.jpg,1
261e88ece626401180c58a0cea5158f3.jpg,1
2c5b02a82adb4135bb4262c678120d64.jpg,1
5adcf4fd5a0242829725da16b9cd3999.jpg,1
2f22feef1e8d48beb69a3ab547bc9d0d.jpg,1
2c2626e5720d4b618a5fb281c4c665ac.jpg,1
6d6f569f9e274129b27531944c625f66.jpg,1
9f69c13857314ff89682427151e07cb0.png,1
35576c54afc14c0fa1dcbc2bec2606a6.jpg,1
8f8d963d615447a58af814d35d934d09.png,1
b638b08cc9e34a3eb27f018f5c3b5f8f.png,1
128f99e7e702462bac3c294527d3bb9d.jpg,1
d8e8c47d0a434791abace02f4610c6b5.png,1
e4361a9fdc974f0aac3e22803213af03.png,1
8378f8fef29e490784fdbfad3b3b961b.jpg,1
0db293e76b5c4c948c551e2b052944c3.png,1
4652ade20d4147ef81140908ebd214f3.jpg,1
8c6911890c2b43d88856f130b31900b4.jpg,1
c23e68e890ae460ea4fe264308d49fab.jpg,1
ae40d764e88a4a81a4f50d31cc1a2d46.jpg,1
04098be0bd6c419d949224eebf8be47d.jpg,1
80af85053db34b24a132633c0d082eab.jpg,1
a14f3beeb87440a188d06e99f8e77e5d.jpg,1
b9bd594b164a4ee98a33d34882fec816.jpg,1
35848fc85dd74f8db4436941eafee5f1.png,1
d9ad3cdb54a54cdca40ffbf6d66b0709.jpg,1
926f4e2cd3014322a2288bbebfc5762c.jpg,1
69ef0987005d4a84baaf17f461ea4875.jpg,1
28ddc35acaa74fca81edaf17d24b380c.jpg,1
33632cbb6d7d4d11a8bb6b1f11453f54.jpg,1
d4c67d54320946828bf1940bdc010d16.jpg,1
15b59d5e34fa45d7bda557e72a762604.jpg,1
d7471eeff1724217b674285653814d0e.jpg,1
cd06f1a3ce154158992816a3a2c13da5.jpg,1
a34d9280837a43a5b0380f2139a35c78.jpg,1
1b11e21044b14b21b83e522b0067f8e4.png,1
28f4a41dec044071a5a67a26b1bca0c3.jpg,1
734b68dbbff441aea80cf4fe3edf5244.jpg,1
c85413a844c94e5e9a79b8130f8e826d.jpg,1
1ee921a77eb646688a9d14c748bf328b.jpg,1
8f504336d31e43ebb99097c3e8947f91.png,1
5d5ae265b3c140a48746043bffd8438c.jpg,1
9898dd4ff73b42ef9cb04c3b6ca30a76.jpg,1
e8c52b3d523b4d9da6fc7369d19d95b1.jpg,1
cf86d34c86134fb28216d8901e279971.jpg,1
a4ec1e9d3bc24be081304dbd48be9c32.jpg,1
0a04fb3841e34e35b03b696b94bc17f3.jpg,1
5079ebb1dc6e45b09f711b2ea80fc57c.jpg,1
5fec5be1c0134367a2a8fa730677f0b5.jpg,1
13f9fcd7577d43cdaa691d677a7ae643.jpg,1
d61e91acbdda45d982ed70a76697490c.jpg,1
190a8e6565664247b36aded7c313ef91.jpg,1
30472655208544cc9a299f499d4dd89f.png,1
1a41c8907b364c2b98f9c3d2e46ee8e9.png,1
8e898b0a5512425b9668d97db4b84433.jpg,1
de5bf8513ba94476a61ffccf824d347f.jpg,1
59d3cd023fdc43618767ee397b8cf432.jpg,1
7bf5efca131042848ef1080f28823b1e.jpg,1
abe0e2b12f3a400e91883d6e61421b91.jpg,1
3aec13bbcaae475c99ddce5ac08079a3.jpg,1
e380677e49974aab9cfef6e3184087ae.jpg,1
2cfa0428a5fa416f94fd90bfa897e3e9.jpg,1
6c1cc792d1964c319700c8701631c15f.jpg,1
d7f615e6bb5f40f18180a8cfcf805fdc.png,1
2800ce41e7c34a3ba397568b27f297b5.jpg,1
7735542ab1944d36a8e3a9a04858dd18.png,1
c6646e2a446c477c81ea5a2ef6866fe8.jpg,1
690d8a5c29d942af9800476804b339c1.png,1
bdb889f9ed574508a5872284309cf20c.jpg,1
9977162cfb4341c394756502bf9ad8ae.png,1
f719428f22f74633a892baf0cfd519c1.jpg,1
51910589f7d24f43a42cc44427f61779.jpg,1
76374ef75b724deb86cdbc62637fd6f4.jpg,1
fcd5b69aad744f63a8e36fdc9a5fd6df.jpg,1
544296b09f4a4f03867e62a4e06fb04c.jpg,1
cd7c0a6e14b541f1a37a3cdd0d0eacc2.jpg,1
6a0b3ac4e46e4e55882971e5a991d16e.jpg,1
0f2d93ff65e94b82ac8ae7c257eb30da.jpg,1
0ffc233a60274c869fa7ec2f251047b1.jpg,1
e27b4f8c73f64a4e88b78bf54c9b27c6.jpg,1
449ce84c6fc14d2f8e4182f39d429a1d.jpg,1
135b891de167440ca657933e3bdbcaa9.jpg,1
350f67e423cd4ad6853b2a5cf4344d5a.png,1
11f3f9e335d4453f8bc9c80e3112fa6d.jpg,1
2af70cafbf73422b9defe7cc2a9d6d8f.jpg,1
e61bc9b7bfdd434aa82cc9d1ab9929f4.jpg,1
ce01a556c6f1404587d7a0601b2b72fb.jpg,1
30be2a60071e4835b58c3b59a0622059.jpg,1
7a529ac088384465b5fd33af0fb9aa61.png,1
d85aa2342638416fb25ff78dce2e258e.png,1
f3e6558a3dfa46a1aaa22a1abfa69cf0.jpg,1
2097154b342d457d8ff42f61cffbe249.jpg,1
923190e42c1b43d69c68603421ceb7e9.jpg,1
033fadab7d5c4da4b573bc3985263baf.jpg,1
457e657d5bb74d908cfc13f39ba424f8.jpg,1
fb6b4946a162413bb33734c19d2e54f5.png,1
7e9b68cdabfa49bea0ad7f72a0c3f0ba.jpg,1
dc19e2823371477c9e02d4a8ee9b9e30.jpg,1
4d9d939f5cfa4f989caeb95ce19023c5.jpg,1
3178f9c136b144698509a0c67f934be2.jpg,1
98cdab086d5b49beba64132016118ca4.jpg,1
0c31b7720fa24691af4777b6d9845884.jpg,1
c2eea4df8d234d56bb95c906cfd13f43.jpg,1
0b3f0def3b3540a4b64344d7c8ebbf72.jpg,1
f127b37ed5974c598f5900ad70914cbf.jpg,1
433fc9c810a6476a9a63332b6aaf9091.png,1
43bd4eb5f60a4488a3ccff60381c57fb.jpg,1
d988cc8f2adb4ac08ab7e0b5ddc32827.jpg,1
e1a4b9ff8b4f4fd0ab98175a81f5a294.jpg,1
f203ab9e02c84aeaac14016ad270f760.jpg,1
76e4a3a4e3e146e0b0e76b44e41c2b87.jpg,1
e24efc9a9b814ca39211c58318991e5e.jpg,1
6d9712645a234d5b86eb47b5b2ac8b2d.png,1
1f3740499e704196803e47ed661189c8.jpg,1
7755129ec8a9430491ef019b8ae4dd0c.jpg,1
5e9175124be446bb87011ffa0a880acd.jpg,1
263b600ae5aa43e19671602d9f609ddd.png,1
27ca3d2505d64d73a93b45fe55e75292.png,1
91b9f4984cde41c0b82e008210cc53e5.jpg,1
93eb7d137ffc4a8dbd5fe8ebd5bf126f.jpg,1
298bd2e94a6c42e2b9a18fe13da2b097.jpg,1
fa557cb6a78a46c797c884fbc96e322c.jpg,1
fc34cd7aaaf748cca081cc7faa7b854e.jpg,1
e7b596a91fc34908a1a280bdaed2ac4e.jpg,1
002e7f5e442945aeac0fd004e9609171.jpg,1
071ba28811fd4f1f8b44b73d5b5efebc.jpg,1
3a7abda5d74f41e189df1b4fb79dbf5c.jpg,1
03609e11bcce4b459d782b8392c9826d.jpg,1
d7deebd5d5c447bbbade8b2e3ddf75f9.jpg,1
382265c2c77840aeb3b377e98b62ab84.jpg,1
f96142972b71482c83d2dd8bb15f80d9.jpg,1
21093599cac74033bc216b18c6c2493d.jpg,1
616fac857eb14fcb84edaf25c7406ed2.jpg,1
5d25b1c60b2546f5b644dead1a4b4e84.jpg,1
380c0af6304e4252ae2af68bbe7ca5d9.png,1
f5e39e968e18439b8711efb32c893798.jpg,1
c32dde71d31548c2a4d2c2c217b7b21f.jpg,1
1d7c258b3016447cb38b83d31e744f45.jpg,1
efd3e421d3c34a4a8cec8cd3bc08da1b.jpg,1
f86a8562d0454d53bce15a8733d898f9.png,1
a1a0808cd07544298dea2ce5219de6f4.jpg,1
6550ec5ca88041a0bf548f6384f10ae1.jpg,1
4ec4837138c842628ce11e7a365ec614.jpg,1
5796fda6af52455489ccd0e98e51d51a.png,1
cebd030a848349898c80b42d9f853c94.jpg,1
1de46c5092034d12ba16887621a152c0.jpg,1
c7f0acd410c549c582e833cdb1af69ad.jpg,1
719e691e04d34576b883d79a34007b13.jpg,1
a0cfa819693043dea66c6fdc4707cf79.png,1
4287431cf6c04f31b787d87404620f8e.jpg,1
f110f862c59546e8a36e8938d6e93064.png,1
a2861d205f5b4e31b2107b1969e353e3.jpg,1
b3cbcd22fa954ba9a5dd045bbcdc4422.jpg,1
c80bb32494f04b9cbd4d34344b98753f.jpg,1
541cddad3e8948cba5bdd8440a92d39f.png,1
c529aedfda504af4b1f3a54cf84ee699.jpg,1
27c7ed8fc96f460dbd9deeadfb465da5.jpg,1
2521fc19bcff4b4cb88900af6828563e.png,1
58da40357cdb4f2a9b0e86138dbb36a9.jpg,1
c06c47f47e4340eb8cae8eaaf85a3298.jpg,1
86d06240a699472ca3f81a43a894308c.jpg,1
ab26a02c0d984f6ca670fe0f3dd01cc1.jpg,1
b8e29bfbd6ab46f480a33ba9a2e540fd.jpg,1
0f93fdb2efbb4e4496be30086d790fbc.jpg,1
9162a5d4897f48d7b7bb5bda23db936d.jpg,1
bf4814e20571466d8b77f40bdf4f691e.jpg,1
4c8651583ea84d2e86793e7ccae810a6.jpg,1
f239916093034e50b0731e90f18d8042.png,1
4bd4e892d5e0469d925aed9c94314177.png,1
9329c0cd6f74453f9c7625c6e6c29086.jpg,1
6e0ec3adf3f5446fb0796ff43a14f066.png,1
bf333e102a3e4004a037395b6f0fa877.jpg,1
7e5dad6abb39473398625272229c087c.png,1
30a488675f084db68cd9c4e1c57ac0d0.jpg,1
dda8385c1802443abeb65bd8c17779d6.png,1
44a1dc54e87047738c9ae3d2d49aff42.png,1
e78baa1279f745c3bc781ba3ae7d496c.jpg,1
25429d32efb449a392de3750c68fe439.jpg,1
d04e82189f854fb5ae1e9d3e63bc74a4.png,1
18e8f26cb994402db25b76373827a309.jpg,1
d4bfbd2fdfa54f18b7f0cf5bb6ac0510.jpg,1
a344fdfa98994efaaf77e993252312cf.jpg,1
ec7575aee5934bd781c7e795fa68278a.jpg,1
9f05297f5a50481580f5596ce1885d62.jpg,1
fa2539dddbd04aa1967f1b146789a747.jpg,1
2e9da9f85d844734ad554a95f0a9efd9.jpg,1
90f432cfaaed422597a5cc87de531068.jpg,1
2bcee7cffdfc4aeea17d25581b3c524d.jpg,1
7a89f526a4e346a6a5235549334f810a.jpg,1
902f6e90b35b401fa53ce837e123285a.jpg,1
a0f31610ade84fb298493c0770eb5f07.jpg,1
693c49c1901d4d38a852f1c712263b65.jpg,1
ba84d1f1f9d54d46b4bc84becc716ed5.jpg,1
7d078548222c4f02a3272ebc1cb1866f.png,1
86aed73618f04682acda47d838fe3a78.jpg,1
0a664bef32a74a9baf45e6439e6fd2f6.jpg,1
d7066a287fc5441aabdd56f84b67d1d0.jpg,1
1be0bfee8e8c4b5490a35185c6ba10e3.jpg,1
9b3cca84bb134e75b64ff49d87cb9c6b.jpg,1
2bf40f7d14334f9f80524a4f6d2dc8dc.jpg,1
a3a2308a59c745a88c3d5535e6bc94e2.jpg,1
a99b37586e9d4c15942935f0e256cb95.jpg,1
0f772720eef64590a1d9b91cb8dddb22.png,1
3c3a049104bf440c8986bfa3278b5035.jpg,1
68568b711be04feb98724f97f9c8c0e5.jpg,1
032b274cdd79477f9329717ebc25c63d.jpg,1
0d4e964b99994320b2c77af42d26bbc8.jpg,1
6dc62ba339be4fe8ad98aa5220a438ea.png,1
1e5c1694d75347d7a329837356aba338.jpg,1
ce29773a174b40a19a820d702bd157d7.jpg,1
13e2be5b2de649d5b1f2e659b69e2391.jpg,1
ff38b3b0b1504521a1968aa12fbfe640.jpg,1
155932642d4f4deaad14b80390ca03d8.jpg,1
6ef42236c3b8424fa98811b83ba933fb.png,1
eade0e86795c41beb074a2d9bbd12b7c.png,1
81be092a249c408bbce00b415b647756.jpg,1
2c631b77cf1d400ba4fcc604d8184ba4.jpg,1
c279e615fbcd4380bb9551ef0f49e6b0.jpg,1
759b032ee76f42d98e0d3bf74fb74656.jpg,1
8af7c019c1314f41a09999cd8af70854.jpg,1
4976d70215c842da86a121057565254f.jpg,1
2a47ed596a484b219fa8dd5de500329a.jpg,1
61c34d5dae684ef28cf957086144a0ab.jpg,1
a2afd67c353b4db0a9a89c950f31c741.jpg,1
7ef7b14b3a6d4d98b9c8d70edf665ba2.jpg,1
c8c6ca59e5c84a05b99717bade244564.jpg,1
e990e6932ba74106b762f0116726b1a0.jpg,1
bb228c31ac9a4a6da069a25ed094b3d0.jpg,1
f628a8e745cb4d198d58619c35aadd09.png,1
a8abc5176f804c08af85db264bcbab92.jpg,1
6f1d7fb175cb4d98be83d3ffa934f7f3.jpg,1
c982bd8bb1594048beee2c70bdcbd622.jpg,1
b89b14610573469c9bd36675b3ce2d1b.jpg,1
d671dd25bf64465297e904e96dd2849c.jpg,1
7d439bead09243c0adce568f9ffc1073.jpg,1
98b5756ba2c34909bd8ba151a73cdd24.jpg,1
88a67bdbb7d6483c93b66136abdcf6b8.jpg,1
a4a6b1b8f6ef44759d6d1b33be339c85.jpg,1
14f9bc07680840bba02db1edf473dcf0.jpg,1
331f1d11a1844d898275350ae3d1dad9.jpg,1
c020a526f0754bf2875fb78aa677cb2b.jpg,1
2ae144819b2b4815b294b6528bb88aad.jpg,1
2fee9f474a3a4731aad253d1bb80efc2.jpg,1
b18d355c7f904aaaa45ab091ae2a03c7.jpg,1
caef3cbdd81d41eebb708e750a1048b9.jpg,1
9d0d5251f886473681e58225f8905fbb.jpg,1
dd2211fd4da849188f95867818e45e20.jpg,1
a459787321354b55b5d37b55e2f2e461.png,1
5958f0359c424c2785e39709f3ee76b5.jpg,1
516040b3ac9842c78efc6d39e54d85c5.png,1
263b20aeb3b248f28bc64dba00474835.jpg,1
33ca4ceb908646209b10683cb131cae7.jpg,1
f1c5cf0391544dcf8d31bb36bde811ef.jpg,1
e22b2047214e40c28a7f5b0e3036f7e8.jpg,1
8c086534e5264df08b85e6b318d3192a.jpg,1
22e2e10127b4499abbaf2858eb1dfa07.jpg,1
622722adb6f24c799d0ba7b161185061.jpg,1
16a5489f120c4244b8e6488ab40ccf8e.jpg,1
70253277ced740d7a07de83860a334f8.jpg,1
b99ffb753f61465badd8008997d46868.jpg,1
bd4906aeba594362b4bc1f632573d776.jpg,1
c06f5b421e994fc7a888a85ab9b640fc.jpg,1
5ef0992e55dc470784b6dc8119fd0386.jpg,1
cbb246add77d4d1a808a928ed7fd79eb.jpg,1
2e188475ecb040618b1df4097ee63a75.png,1
82334aba667d4445ba3ed14f3f2771fc.png,1
ad15e37547174d588ca12e54037159e7.png,1
1fda58178a2d485d9d3bbf44cf056e7c.jpg,1
64b5a14c8aa8445489dbf0c49661fcdf.jpg,1
e80d9287dc3c4529a69957e68437197e.jpg,1
4690b21d0b5f4c9595e383d50e0e1c17.png,1
93e540f0b86f4b0997ea504b9c960e56.jpg,1
1cb17bfebdf4442f8c2837ad1ce54686.png,1
55fab275e25e44cf8166326a334d7981.jpg,1
44f423aa6f3e4417b59a5bd1d7b5cb20.jpg,1
435c1dd06b1f437eb405f3c226243309.jpg,1
2cb670064fa549c2872d144f785499b9.jpg,1
da0a1bcaa17f46bcbeb2e3f731a64aa1.jpg,1
7e69fbaa82ec4b01bf165041d38f44e6.jpg,1
aa961050d2bf45468fa27d1c83e24355.jpg,1
ebdabf803263449e94e0f82ed31f87d2.jpg,1
556a194233ae4567808acb09775b00e3.jpg,1
5f96c2f40324423c92d49854569983fc.jpg,1
37b7301054e14b439b251da07d1b7f83.jpg,1
816bfb9743554d2797be631d4f4dccff.jpg,1
edeb1bd1529f49e7a02c9915d8a00b47.jpg,1
bd649dc89c54486eaabb117b7e0a6939.png,1
e9877e05f278475aa0080fa687351643.jpg,1
8d797e4ad97d4f67abaed028ad216ea7.png,1
a9140fa60ed6407489cfa63fe3cbc122.jpg,1
691e4cf15f64435db4bba1e04de848d2.jpg,1
770bafe85e7644cc8c2e0bbbc95c8bc7.jpg,1
b31964b02619416088a2fe727edaf934.jpg,1
61ea611d6fa24fa7b7145f2859916173.jpg,1
f5b41a4d7a1748eca12dd4cd2fa2aaac.jpg,1
76ddf026e7cd425dafec163ef2d442da.jpg,1
db81d46366ed4faea0c8a5d8c2b0ca7a.png,1
4eb87ed493af4f739a1ccb9c1b0d7d84.jpg,1
f56e2d4827af46d591063dcae11d69d7.png,1
4f7e1d74ddb648f2b6d67bfa690ec46a.jpg,1
239641fae25547a58277f39e728d90ab.jpg,1
282db0c45740495b8ab42dea60e6d747.jpg,1
5be0281922714f54bcc89b73ee4a4249.jpg,1
2f3a829b0a8f44988392284e50e0dd65.jpg,1
c4a28b1bb73f428485b1550b4445e6f2.jpg,1
4a89eb185afc43c1a6159ca4a2b12a5c.jpg,1
921fb69ee6814ce0862bf4b9ca6b9035.jpg,1
5c74ada0c6394650bcf09bab599d68bc.jpg,1
04e7c01d382a48edb89e9018e312d000.jpg,1
69238c6eb75b4dd79d8c0186e1e82041.jpg,1
57a1083f16ee4d49ad76d65da2aacc2b.jpg,1
beeb84441d7341a28c2f0af8d6bcb684.jpg,1
fde970d66e1c4e4d845fd80dec294367.jpg,1
36e7c8c41edc4944aa711648381414e0.jpg,1
9b798e10de09470faaf7eda2d994170e.png,1
172da8a3019a4daa900a2396af34f508.jpg,1
51bd2bb826e84903a8c3089e08f49685.jpg,1
3a4bef4a2f3447d180c682597213ef07.jpg,1
ee94b3c627cc462aac428f909af600e0.jpg,1
e3f7560b62624f8a8a7acda09ae1d322.jpg,1
df0f685babc148b7a2fbfb5f0b4e6467.png,1
36c6ccca38a24ca1bf83ccaa9d3a468c.jpg,1
9b3bbb9d6a064b3b963ea2bc93968aae.jpg,1
5442b47b2b274654bab6755bdbf6e54d.jpg,1
68f7b67061144140900056457c64cc57.jpg,1
3b9b518728074be7b6044c9f9fe05e9e.png,1
19b09f669289470aacb4bf5c65cd9381.jpg,1
88251b4b64d541ec958570cc11a1127d.jpg,1
52a18fe0d7fa4469831093b94fb44863.jpg,1
a7a46c1f08a44528a393166a4d46087f.png,1
81ecff2ce272401587d963aac2134c3e.jpg,1
7defca04100842d39dc4acb4f1588925.jpg,1
c6a9cc611174415fbc399b762b5119c3.jpg,1
d4db8499587540efb2fa4a9442cd1259.png,1
b8eac286c3b84f23ac588634e22d0804.jpg,1
1b6c33080ca847a3a1b6a62b17967ed0.jpg,1
1822a66ff2d2423c8066fc5be683945c.jpg,1
47bafcedf82545b3b2dbf37062131171.jpg,1
292bac666110468fa08a1190c9a0b0cf.png,1
12e3da5e5c67491885dc2fb9d4a64280.jpg,1
02b2dcfe0a824151b0c2c4c3853ddd51.jpg,1
588750e6b34d4015ac084339fa58102a.jpg,1
d4185e19cb3340c485cac301c92147d4.jpg,1
d563e904812d4235941c2643350c293d.jpg,1
1f3ddbc14f7d4c4fafb68b15b38e9946.jpg,1
0a66c09bc2aa4a21a207d9b6fccc7f6e.png,1
a00f347620d04e0aa62228b2b61095bd.jpg,1
0cd6e367c1dc4d5fb07299e2f5f14732.jpg,1
0f7d13c1534c497e8302acc2f763c3a6.png,1
d3ed70d5024d432991447195f301315a.jpg,1
68f9ff897f654eebbeb70c04afcfe9ae.jpg,1
426bbfa1ec5f43c3b491e507fa5c7a68.jpg,1
8f1232255b464a66add83b8d41463fe9.jpg,1
44ae90bda4aa45b782311a2ad3e4b806.jpg,1
9fe4f0d00b3a48cfa56d7fd285d08c9a.jpg,1
3d25316594714fc5803927634073ccdf.jpg,1
022ffda718524090a47279ce66df4936.jpg,1
d990b5e0d45946189aeac168749aaf4b.png,1
a485bbe77d17472caee3cbfb06d38f02.jpg,1
d4887674eeae4ebe9831f3ddac81e2d1.png,1
5fa45d4f61aa416e9dae0c25bea969b0.jpg,1
bc03c14b4d6244179ca8567fe595e4ba.png,1
33bea45a3a904dfd8f6f99a8dd2e2367.jpg,1
4d4adc0237a148d68a2df23fdbc84425.jpg,1
ad7f7e2f375f4ff69b91d2308baa385d.jpg,1
1009e521740e460489ea0c445afbf0ae.jpg,1
c76c1e70e57e46b3988416405474d4f3.jpg,1
67c285abbbae4e068c3b09aa2771596b.jpg,1
549a3c2cb2fd4694a3531830aea2b174.jpg,1
85c5d828607c4d1bb8ad7bcb389ad837.jpg,1
5be79c4303594d0bb14aa805303bbf94.png,1
4aa64f4b06184617bfb7ce12ec1986b8.jpg,1
1c27ef0c5a2542c38d185477702ecfc8.jpg,1
9ad16e05d3af4c439e8a08646b43d53f.jpg,1
530845445610496bbb074378f59369d7.jpg,1
ab1c5c60f5fb4c4abbbfae3095ef6a39.jpg,1
cc5f521d1418488699bc84eb552c3d3d.jpg,1
430a15e46b794e8ebabf5e6eecdf6e48.png,1
738360ee42cd417886da3dc036bf33dd.jpg,1
587aa20cc54446bd9ce6dfbf8af16dd6.png,1
0e042cf53b254b77bc8444259116ee79.png,1
e8cb33b4e27d4126a83aab1ee1fc4425.jpg,1
c0c4231f27bf4c2e8b3fdd6221c57e7a.png,1
a5f6d18b30144278a3ec74a600811523.jpg,1
55132ffa87b348069ff2d13c18902b59.jpg,1
093c8c2bcd174af89b4465a0013def2f.jpg,1
5a1be36ab263431189b1a48bbae5983d.jpg,1
ba516c74e5fb452e98f89208e04f2db1.jpg,1
89e38aa0c6624b1c9868f6f5e2867144.jpg,1
5d2bca50558f41e986b2134f53a69786.jpg,1
aec6ff8ca65f40c08fca521f4bac2f86.jpg,1
571a2dddfb3b440ea50ef09ec71ad669.jpg,1
3debbdf09a9b40a996caad85bbd0b835.jpg,1
36c8bfbcadcc40ad8fd43802fd061cb6.jpg,1
cfece1712de2402889ac83172280d120.jpg,1
9f9dfb91f9af4facb57e3dbcecd1182e.jpg,1
d00d0a1144304a55ad7cd2d787b560a9.jpg,1
4b9083be0734437fbcf9dabaa7caf12e.jpg,1
490723861c834156962ebbcb04626662.jpg,1
2095d046d9764f8899c35192d899c67a.jpg,1
dab46f623d65414bb1ba6096b54d7098.png,1
b94425a2d8174950b2954beba9b57f63.jpg,1
fa46781129b8443b97ea440ab3ab2186.jpg,1
72a3960de75f42d7b839e8920089837d.jpg,1
1047879c2f7244ddb135a4ee62a9397f.png,1
9cb3a6791ca74f7fb1607f3344204ca4.jpg,1
d2f0c9b861934a01a98b47ed729a15e0.jpg,1
affedaf1c0124af4bab9dad101f64cdf.jpg,1
28d7be2d5d7b42d8bb82b33c2111fba1.png,1
589b01e665c9431fae92acc040204460.jpg,1
1385d0b31d664955b4856a3ecf461d84.jpg,1
77f76de04fe04c8099ccc911f96d9c30.jpg,1
fceb76b14af34ab59c7e5b1fea995a35.jpg,1
cddf48cfc6804d9d820c2aef409e1b04.jpg,1
3a0657359b6b45768509b6e409363db8.png,1
5089a5a946514c13b16c8fe16e208f04.jpg,1
48c70c7ed2654bb892aa9fb2b88c6931.png,1
39f074fc25824399ac7b66e581d42721.jpg,1
fd3a5c07cc7744b98674712fb412b9b6.jpg,1
5e186f1f07b44b788041d782767911ae.jpg,1
a71e9eccf0004f9bbf435d3ec74b1d97.jpg,1
cfa788792ce148b1ae92bb1b6ea1bfc2.png,1
9723b8000d4f4c08add2d777cb16f832.jpg,1
4421dc02c02a49aab1b41711dc9fadeb.jpg,1
b27cb4f744b945d29ff3ff9451cfbee0.jpg,1
c1ffda83c57d46199e47a583477846be.jpg,1
9babd05d2bd147a593f5ddaa5f22538d.jpg,1
66c52a8eba414001925b815922cdbcfa.jpg,1
4b6aa9bdbd6947109cf6ddf85f2260ed.png,1
b729ca3d1b28441fb23508ed734b603b.jpg,1
f840b243d3014fa38e433f4d1608c508.jpg,1
9d523c212afb4a038f77927b67663fef.png,1
d7ccecb15c174fbab5e4598f78247c9a.png,1
6f58d2b669214f8da41339c984b99dfb.jpg,1
b8b9c3da9a044be9b000879d2f2bec06.png,1
3c2becff524d488a84cecaef2836757a.jpg,1
e697bd059397428593434367af827e2e.jpg,1
e3e121e1f4ca49c9b7d4eba3fe008331.png,1
2532d0fc28694558892eb922112d806b.png,1
11a070363e5044b880b4476c07531582.jpg,1
134d0bdc089f41b0ab266169fedfedad.jpg,1
e4172391db254b15b2719d0606529438.jpg,1
01faaca918664fc185d3ec27219d7a0d.jpg,1
088948dd25694ff3bdce2eff5ff756c7.jpg,1
135c459d4e0540059c49de6b373e9178.jpg,1
4dad94aaf4374e7aa2e856c3525570cd.jpg,1
00302fddd05e49798f9cb5ed101d4dc0.png,1
3001b49e7d8845fa88ef01e7d2a47a16.jpg,1
f07adc3e67774964a8a61fe45ab4784f.png,1
49ecf7438cda46b398e630d71b8a3142.jpg,1
8e5ae1f0b1c2435282c8d3b1d4480106.jpg,1
a622af2c87fc4652b440728da8fe85db.png,1
6b4c452ea4234e1cb0601d10fc1d2752.jpg,1
0f3f7eabeca744c6a549c55623bcb022.jpg,1
25fa56b0993f4a138b5a7f78e0fba1f7.png,1
87a63996b1e9468aa63e62c3ca66f3d5.jpg,1
4c211565de7a44f89dd38f4dfd972abc.jpg,1
973aed3c4de8465f95f7c98f22ce19dc.jpg,1
1aea0dd7bf96440eab6a2e877b158e13.jpg,1
6e377be60fbe4ece8a3e71ef37784a1e.jpg,1
cca83d9a1c2e470fa5c481cfc3b57028.jpg,1
bdacdedd3d3144a0ad4f757ad5bb6747.jpg,1
ce0a348d4e364a2fada60dce82a11ec8.jpg,1
cd574af07b9f40639a3a4a31dd78acac.jpg,1
ee7144d40afc4ffb98ba0274501b7419.jpg,1
080c97227acb4368bf277c5219a38727.jpg,1
e39f600a8bc7400b9218f98152ae3517.jpg,1
a67e7421e4824c1db52e1b348d6901c2.jpg,1
6df0dd6cc8ed496b8ab2bd83b5217289.jpg,1
3f79b3369a544129bd11d7f77d14994d.jpg,1
4123e957fec54e63b480284d2a33b503.jpg,1
2dbcf4b7503c4f7aaf2e58bee5c57cc6.jpg,1
b2f1af95f88c4399b673531dac5bdb2f.png,1
0a4813d320f94ea9902e27081e53c774.jpg,1
3f23728ad004484ab96c55f1bcaec00e.jpg,1
07c90108cb7745c28f20b1443008e35b.jpg,1
69b98c00a8eb4949bb58db589dbcd567.png,1
13bf6eb30f654e15baf75d9d0a58a790.jpg,1
bcaeddf1d44a49a2b46b73b4c633a923.png,1
cbd175f3bc9f46b2a5cc141a0aa71406.jpg,1
7bd2ad515e55446db8e73d2b2551e3a1.jpg,1
5bdfd2e2f6004a638064aac733f3aaa5.jpg,1
83f7fe0ccd7e48e6b668332e2d8c3a6c.jpg,1
9ed84bf6c32d4cdcaa60038a15c6cce8.jpg,1
3ea0f07b1ca34f3e913240ce56112242.jpg,1
380ae470e99644fcb12e0bda96f1b9bc.jpg,1
784426a1cd4e4aa0ba405816ae0f9823.jpg,1
c1117cb0d9ce499b93394e8c58b65871.jpg,1
aa611c10570d4e22a5e8ec8c048bfaed.jpg,1
e848492705714fdfba6827429d32b392.png,1
8156fbb435134808a76e6cc49dae072b.jpg,1
5d67bc76826c4b0785e4f18355adcf7c.jpg,1
62cbb04de32344ecab06dbea8291bf45.jpg,1
1868751e94954f0183c5cb5459595e3b.jpg,1
d2655346d489413cb5f3b8ff53117b04.jpg,1
52a51c62a4c540319c3c3c65c44439a7.jpg,1
550967d7b5504d64b81994b72dc0c634.jpg,1
acc698a91dd5409daa40cb5840f4f9b2.jpg,1
71c24cce5d574bf490e55c676160a0b4.jpg,1
b47dec80358940fbae8d906b918b29cd.jpg,1
b7ad76e06ac94660b33e48050009f2bd.png,1
5f6a4642843e432aa957fb104efc6610.jpg,1
87229b52e6444bd492bf66c97b86bee2.jpg,1
99c3da7a08ab46728afaef3bcd164755.jpg,1
2988878f19704139b71869f4f1c1b712.png,1
5cf8341919f74e19b9ddcd17f174d2bd.jpg,1
b25b92067c4241cf92faf6ae27ebe4ab.jpg,1
83b5c54fc0ec426a91dd0fc914f93e7a.jpg,1
651886087ec84c01a2d1944b9a63a781.png,1
94b659d3439146539e4e51d6049b8bae.jpg,1
7bb11428db534fc2a02d84548957fdbe.jpg,1
a869b3655114479883189ed147bd1aef.jpg,1
005d03e5db024d609c2c411cc5a5b3c2.png,1
836a34d6406f415fa96487c2fea45170.jpg,1
fb0e5c4edf484ba29167d260155b0210.jpg,1
44d48678d60a4cac9a3033180e6d7d9f.jpg,1
90882507424345daa7cb7f4a03e69da6.png,1
5970fe55580743fb80e7daa6964c965b.jpg,1
efdb9d8e509848268d90ec35fb290208.jpg,1
631e5fc58dc1459fb26777786ba2b3fe.jpg,1
9bf55276f2b24d40a0eef4e011fafee2.jpg,1
c4b923018e304d34b4042fe182927c38.jpg,1
5e82d10964514eda80406bce68194c7f.jpg,1
5f613d20460b4de7b04e67cf93e0d627.jpg,1
2c8761497e264009b59b4d4fec05d70a.jpg,1
16c8c04ad9e04b5192a49dc9fbc4821e.jpg,1
8f7ae836801d465b822dcb8d1c5ad715.jpg,1
63898c3a43b24668a6a699b60dbbe91d.jpg,1
419e2cb7e7c64659a9d035b228349f9b.jpg,1
3ff3b8821f224fa5a02b772af61754e4.jpg,1
390b92ce9c2c489d95944a870927d091.png,1
466023df26c748bb9bcf26d4e1335f31.jpg,1
e26789a1995b47d191228429bb79e612.jpg,1
182e247373bf46febaa15a8be1c471a1.jpg,1
9306bd28573841aba27dabf45116d5b9.jpg,1
a82fd4efd73d48ac8671cad3ed43a95e.jpg,1
dbef8820e6f84c22a071737a014c1970.jpg,1
48c7ce333b4b4912bc3e76f5d42a6331.jpg,1
c9b14bb6908f46008a1ffe14a2740fce.jpg,1
233ab7023754462dae54609b083f73cc.jpg,1
08d1304361a741d4b0c20c183e2c8d04.png,1
4ce12b31f9544585ba46e47778bf0edc.jpg,1
5db054a9f33f47f8ac5a3d7a54ab3c5a.jpg,1
830d4dd8d9e54c99ac5951930b0536ce.jpg,1
059f14b4bb514e6aac25504ead196971.jpg,1
04ee1222854b4bb08746b16cc75d980f.jpg,1
f2a9606ff21940a382a08c0b7dc4c29f.jpg,1
64b2be50d5ce4bc9923544dec93f2ac1.jpg,1
3ea17a02cfb64fb195bd4f50265ba5b4.jpg,1
fceacdc08fb247cfa1e8475f4b076c58.png,1
f51231a85a4c4ba99aa4879f0a4f86d0.jpg,1
47aa70555b4340d29d579d359e0b4b65.jpg,1
04671f171e284e29884faa1b272fc29f.png,1
18ac6b1eb42a46da853052f55b2e280c.jpg,1
8ca1048e6da54c8198f4979e8fb5ef4e.jpg,1
9ebb4a9654144a7384fee80329ac2c73.jpg,1
d850b6fdb1c943d5986b47f9bc8dae4b.jpg,1
a69fc140ac0c48dfba3dbc3084f1df24.jpg,1
4ee2cd0468dc411cae8331c278242291.png,1
49d2e0d381dd4745a75aad4c7f793da2.jpg,1
a7dd563cd5504a0bb23ac9cd65ea58e3.jpg,1
1c5eeb8b6b6c43e790cda18efcf8252d.png,1
e986a12a916a450e94ecb6a91f136fe5.png,1
0368ba9cdb2a4db08dce961125fa4004.jpg,1
8bb9b48ae4674f79b1a8d2240cf01ca5.jpg,1
09ac69b8cc114f55a78af34ab126e5af.jpg,1
e66884724ee946fead52b04a23dbec6d.png,1
e97408f4fab7478fb5870e6d266b7b56.png,1
ea05f3cb699d4e3c9ff2a416707c384b.jpg,1
c96e1f62b6d74de2b3fdb08d0b66b503.png,1
767b1ba06d4e4cd8a17ad0c38a27e320.jpg,1
eeab610240b9409dad4424509ca4a414.jpg,1
0d10b697b0364762b90c1cd78e663144.jpg,1
765fb20138a74ffe9ea6d69424f55429.jpg,1
8b782b56bf0040d0beab30bf75866e4d.jpg,1
d285619a17f245aca0891cc8ad78798f.jpg,1
04d28a3de31c40b084d69b6f36ea0565.jpg,1
2dff7719070c46659c18fde548a2c89b.jpg,1
be8b4f7adf8c4664ac6c8a3a4e3db773.jpg,1
3d221399de51474d8f6b2d132c643b3a.jpg,1
4a7f4cd371c343a4b14115b1287c20b3.jpg,1
da0d7c0fbe0e4071910dc29d53fdf40c.jpg,1
824c7963468545858f94597c0d5bd6bb.jpg,1
f964886e43c544b684a02362d70ef1fa.jpg,1
cba0343f9b474d7db9893e4c12e82cae.jpg,1
5bc3f1f8df9d4ee38e0cd023f038ca5f.jpg,1
6e95eda39ecb4671bf176754ecb8eef8.png,1
6d012e8d10564fa496e69dc11b5768b0.jpg,1
3287cfd4670049f48dae4bc885e2a9f2.jpg,1
19c3b5b5a90a4be5898233a1df6a856d.png,1
a8ec22b3b8d9443595eca420634c4c08.jpg,1
04538e2c0eea42cf91db885ea486d658.jpg,1
a68971edd0024a6db354dbb25a31a244.jpg,1
f12f8ec5092c4d06aae1e250b7a85e05.jpg,1
4b7c32026fba47fda9cccee62ae96adc.jpg,1
fe08bfb9c7f648e798cff1b97b5796f1.jpg,1
a549efd9587245f9b84fc50b0ab713fa.png,1
b26b1153aac24bceaefef1bc45a1b447.jpg,1
4b625b2f2b07435684526302d4a698d4.jpg,1
33db42c273ec47c28be76ae18043b549.jpg,1
316d6eb39a024a16811e7ccc0657c08a.jpg,1
71e48d582a9e47d49cf3dc427966e12c.jpg,1
31e84b71198f4b52b1c2a0bc047f6547.jpg,1
2206e3c514a342828caaa0403c180d0d.jpg,1
34f2fea283034302b271e38d0d713c8b.jpg,1
b12092d9bc2c4ffc8c7149431b00262f.jpg,1
2a0fcf2bee1648c8a16b3897f82ac348.jpg,1
c354b36b7ffc4bfca6d98a124f56ba15.jpg,1
c37e69705e1a41ceb15df5761b91b686.jpg,1
ef50aa7e39bd4e85aff63cbb9a0c5a31.png,1
d0415d25374947ccb563de69da69f729.jpg,1
92344795815d4c648ae240eba55b0d8d.jpg,1
fef69c5278e443d1a2c115eca787d161.jpg,1
19acdea0311348bb988cc7725549ca0a.jpg,1
9dc82196e80e4100af4de89b4206eb1f.jpg,1
e189ac2916834192b67ac247690bcf71.png,1
b589c21d21dc494da4d144093ad82603.jpg,1
d207ddef8a2c4dfb8f11568f0de31ce6.jpg,1
f91174c8fa4c485d9e2ab35ee2dc59b5.jpg,1
a91bf96c7fd04f43b479432bbd4bc3f6.jpg,1
d8ca195d925847bfa3a13693907edec8.jpg,1
025f247b790048208f5cdad222c3d621.png,1
abcbb2c0e714480688131da8ec8d893e.jpg,1
b58212f10b464766b593f39dfdeaffed.jpg,1
cff9ffc8d9dd49779698999083454cf0.png,1
3468d55d788d483888ef9b84220e9e26.jpg,1
0029dfc01b4340078f28a763427dd4b2.jpg,1
0ca46a57382a4aa48d81fd6b14cfaa49.jpg,1
a9953dedbc84458b910bca39c22a6604.jpg,1
8e9f6646b6e041a79b975249fc47a05f.jpg,1
5a03b690aca34ecb9e22a84ae414f919.png,1
7ecf35af1f0e492eb29698e67d503307.jpg,1
5ba3e029ec364877913f6100126153d2.jpg,1
ca5a21f39ea341ac97c491df895840ba.jpg,1
bce33b57625840aeba79b05454764c6e.jpg,1
5bbc7a4d2e604ee49c332ea415e87f1c.png,1
0b0efec60c754360965eff9fe51d5e93.jpg,1
aedd4bf226d441a5bcb2680c39453a2d.png,1
301905f9993c44639139115df70903bb.jpg,1
01015491284042748dc7002d4c5ae332.jpg,1
d48d7985a9434d359f39a214327427ae.jpg,1
ab2aa66a21954187875f99e4a3f967fa.png,1
680f9692ad2e4a05b0d3f4efbe28d1e2.jpg,1
3acdebe9f5234408bb07ffbc3cea4bc0.jpg,1
3120326ab26948a4a9f339579315bc1c.jpg,1
f31f55846e594057a66e8e668c30e382.jpg,1
0f9d24759b3e4e00b76f4f2927696167.jpg,1
25aa1bd621364ded86b62d85f4e694c8.jpg,1
0a0023784ec342b3b769ca9c746ed2d6.jpg,1
8e99d42fd06c47189f599d044c8c9a53.jpg,1
582e3fb3010b4ed3950d5ecca73ca73e.jpg,1
47c4c54b27f94ba3871817260dbf8fff.jpg,1
63e3deffbf714702ad97615c92d3440f.jpg,1
69ad708b6d70494abe810256cbfa51cd.jpg,1
a441b8a0e057401f974dbece22844bf2.jpg,1
68026c2554fa422da3932889df157644.jpg,1
b90b0114dd2448739ebe0648ac3181a6.jpg,1
e4e856c08bbc479a8d7dc992f7a348d2.jpg,1
73f0c2a040684a969b33695661216c80.jpg,1
555e57d95f884f0ea372914c56b25dde.jpg,1
8173c7f4e22a4ad3ac932cfb07b0cd3a.png,1
962b1e985cae4ccda0ebd7bbc2790014.png,1
9e73d7960834472eb9c9c6d574b22afa.jpg,1
326a5018ddea487287f8d6d5c3c142af.jpg,1
eae85feaa8c54d72b1c17af8665f0dda.jpg,1
c4c891c8505441e4a0e6dfe4b6fb26b7.jpg,1
f128696d1b5047c59948ce6b5dd8a5f9.png,1
aa658f6d4ebd4e8f9ea80174a7bfb2fe.png,1
e68675c0b04e446eb20632d4004ac211.jpg,1
30209565d1ec468a8487bb0b0584bd7a.jpg,1
545f5ca71b884f09843e572b760bf546.jpg,1
d99eace7b8994a01b457a1e6d85a3ba2.jpg,1
2c5e16aa2c684ad088595ba506601cc3.jpg,1
445b8f740f984e3a9825e188bee67d78.jpg,1
c6208c887fe3499a999e17d21ca6c589.jpg,1
f4ece13159f44c19ad464a1093bc7203.jpg,1
abd5a9fb98d74452af9140f902404676.jpg,1
3a5fdc9e3655489b8fd3149d1b27b2ec.jpg,1
466b1cbb77474c5494b49e088bcfaf4e.jpg,1
71ce80b364e846deafb58091a393c84d.png,1
25fb8b1a7adb4c6da11fc2519106eec5.jpg,1
fddc2eebaa2741979a0d372f6bf0365d.jpg,1
a66ae06aaa8841d596b16febdb0fa1d9.jpg,1
e6aced4a320c469a824155571a820f70.jpg,1
a6b81d89d830419dae3c836d6531e1e7.jpg,1
68a30c38d9394d688b47f94e32bce4b0.jpg,1
1c39543aadc64f9a9e161ccb861d27bb.jpg,1
3e6a64e4116045c699a1161970e2f4be.jpg,1
ab17a651e972433daefa08f4a1404560.jpg,1
f67c5c17110b4a9ea078bceb08b1b15f.png,1
8d1df87ec91d4f6f9317b9c8e022b1f2.jpg,1
ab53309e8f4542969ef6e608d571831c.jpg,1
f5c86eec722b4abfba26d04e30d53197.jpg,1
ff069c229e964d72a7948433fb1ce1e9.jpg,1
7e8fb72eb7a145f19f44bd761830f097.jpg,1
e7eeb7c7ec7349108e2577a70e47a5aa.jpg,1
a8670e91266c4e9fa99886852c706821.jpg,1
3e36ba50122e46fe8eec5f4a2cad92d7.jpg,1
7373ae49ff284756913cf594d5d219ed.jpg,1
2f9ae39c74134c1186b23482f6bb5863.jpg,1
73d5c1130c3a44d3a6b7334b5deb3b27.jpg,1
2ebf3b1be0354df1812b082696e20bcc.jpg,1
8b80f0ba3faf4a209c7dd91e7f44730a.jpg,1
27b0271d2af5404b8d8776868ac5dd4d.jpg,1
63cc022be58646d6879270d04282acd8.jpg,1
a14e25971f72406ea8fbc79c6fd26a65.png,1
a8fae12fada64387831db5ef359fd539.png,1
09023124afa445a7923c8536d451d766.jpg,1
aff2251256ad47868cd92b3b43d0f95e.jpg,1
5cb08f282cd642c495cbeaf61aba3167.jpg,1
caaeb195ba1d4a85b35a71b6502ddbc7.jpg,1
1cec84cdbeaf4d49a4a23dd388d4543b.jpg,1
84d5be6156d0470b9ee01f085d12d003.jpg,1
6b3a886e9f2d4fe7bd99fa175f157d15.jpg,1
e021c08a9e10452baf3cccbfc0d16e37.jpg,1
bd3df013d73041dfa85ba41690887f75.png,1
9f8d2e7a9ac04157960259b99fc796b3.jpg,1
3da60c0e4af84643bdb0b335d677b0e3.jpg,1
40bbe574d7bc4614ab747cba72ef2ba0.jpg,1
8a082b2c74cb443f8ca47c291afc8d4e.jpg,1
c0f5fb621fef44b4af8c00aed644512d.jpg,1
3dcf7a8afa4744219e812251d2e3e2c3.jpg,1
a08d23f96fb24662a09735e1a8cab5ab.jpg,1
47f9381e98bf4610a26ff9e84b7177b3.jpg,1
057aa435f8eb44ce875a2c8db90d5844.png,1
129411b16b9e48429d4ce0cd5bde03c8.jpg,1
c9996c2319444881954f9b8aaa9a7f2d.png,1
4afa723d870843d9a7a568c256a88083.jpg,1
3c8c815c66d64d51a6eb2aca7c764878.png,1
7189f015f5fd403899cba389faf8224f.jpg,1
9917e98e5eb144f48a19c7c9c20ec926.jpg,1
85be728dc15d4a9fb3144af3aaf87326.png,1
4a83c321a131485285fb4e2626358962.jpg,1
6b53cde9e2844d1b8540343d94602042.png,1
6a97d57c87404d7e9b9d499cf1cc5a87.png,1
dadc7e963ba04166b4249806bf420e0a.jpg,1
7a2712585b614d418b563144d93171b3.jpg,1
545ef3617fa747668962550a3a6f2efc.jpg,1
6743ee3f05c249eaafa10febe1c6b3c6.jpg,1
af39d08fbbe7420597ce02355e149aea.jpg,1
f1979464582445e59774d899871d53c0.jpg,1
66d156ecd0b2417685b91dabad6e1052.png,1
e81e252851144218a266a2a2c5643df6.png,1
2c63a40725e04be5b6d5e88e883135a6.jpg,1
bf7b04ef6fc14e74a0b37b81b327031c.jpg,1
08939d1e7b524cf68206b9f46dabd942.jpg,1
15d22fc202524746882595df14368196.png,1
fa6ee3e6ac9a46b5aca4d5236b39db5b.jpg,1
3d7b0f2248864240a08a802b5f6fafbf.jpg,1
1269e5da819b4a3a9f60a85fcfb5f1ff.jpg,1
bc983f36a3b14be7a2da3f2b507baf93.jpg,1
ceb36147f09543afb13f11dd740178bf.jpg,1
f157bbf416f04288a9099a849fd3998f.jpg,1
e893c784dc13493b9d5c0b8f32571d66.jpg,1
7cabe8ae5af34c8cbb390f8452751711.jpg,1
5f2211f76aca47a8b5d007ea6d9fcdcf.jpg,1
0397e1cb30f547d684c3c3c42b9c03de.png,1
aabc1779aa744f6a99a217593e7dcd57.png,1
0c9381e9c5174f2fa850e568a20f0880.png,1
f46514d038bf429eadcf76e86335092e.jpg,1
b41a7eab91c7432f9c8ef7652971f3d5.jpg,1
583dea1271884955b2094d874a8ceb24.jpg,1
d35ac721b77d4cf1ba29716f30c121d6.jpg,1
7abd5d43b1b24f2cbd9625e5a1986429.jpg,1
e474387de78f4d21ae2792890a9238ba.jpg,1
e68ac6afc530484daf44726516c0e1f0.png,1
368d33f0c3c14aa19faf9719cd22cfde.jpg,1
fd3db290473b4746b9cfe0dba765e8ae.jpg,1
a3a3215398ca41368590e0f2c05a41cc.jpg,1
dde25e7a0f0e477fb46d9c474750a2d3.jpg,1
f41de357ffd64a2db1ab1f5402d233c3.jpg,1
ef003b3384fc484d900b9a62b8e9d78d.png,1
68e6e3d9f30f4c83886a940be1f80b1f.png,1
c00b7176391142e7b489cf9cda7b0af0.jpg,1
9aef486e41e1462288d2bae3e01fdd15.jpg,1
3b2260531ef94563af12a76f6fbd62a2.jpg,1
f28790749ef240e681b747d8d03d2a38.png,1
2d0c6799c459482b8d59e741260fb85b.jpg,1
d9ee9403e42d48e8a41b61b870ec98b8.png,1
489bd8169cff431ba82f5250f52f57ec.jpg,1
aa2e660ace704d9696ccad16fc625627.png,1
dedeee2e8ae34552b102ac0256c071d1.jpg,1
7aa2567be7f44bc3b06e286625d80b48.jpg,1
52ae5e951db24068a12a25633f57f7d7.jpg,1
3c43edc4dacd42628cb49cb926fe8b8f.jpg,1
a978bd32d45b4f12ad213451ee511e7f.jpg,1
ee3e226221a249dda29c1644ec013153.jpg,1
3239f7bd30d24182ac4ed52456d5be83.jpg,1
bd4d37a823254c34a4757e01e23727bd.jpg,1
85b350c63f9146b6b66dc39582819aec.jpg,1
d791602bec524ca181828e285e9e6757.jpg,1
18e23179cb1d4770a208ca1003b36416.jpg,1
4239f1da9d134080b483fb387cfccaf4.png,1
704c403c8a1a48b9a3e7d0ba6553cc6f.png,1
4e7def62dd8d406aadb0d0b19786146c.jpg,1
229d0c5064ff4f23a21d926540327099.jpg,1
039475a384d84f6dac3bef5c1443713a.png,1
71e8f2b77d044cb18e61191adcc05aad.jpg,1
fff5de57ac8d41acaa9e6cb77b8d80b1.jpg,1
fa9a8f69a00f477795292566d839c624.jpg,1
a008123ad18d401cb42e4396720e09d9.jpg,1
e6e2b1ae40274d13be157a85a2614f02.jpg,1
8dca1f8476e949b78509582846f7162a.png,1
a59cd2e999044105ae893b14cd164ed4.png,1
4d91a467a8f44214b6c61e7101d8730d.jpg,1
78a65b2bc9844b6280d32640d2037088.jpg,1
2f9c523fa4f44143878e2b224838420c.jpg,1
80f74b476fa54224a150d1f9a8a85d71.jpg,1
128c66e8d7d4480c93d2448c9bc0156a.png,1
4b3316b39fb4446786bf571df61f56e2.jpg,1
626a84db2a624b7387c2b37c645041b6.jpg,1
683e0e55d691414393840589549fcee8.jpg,1
019fd95b36be44cbb1ff3650c7e7bcb7.jpg,1
2cbd71380df8457e80ebaf1a03c0e46f.jpg,1
8e3ec0397e73494b88479369939368ce.jpg,1
c1af48edce0b4f8e95412fcb166907a1.jpg,1
f44fe34f268a42c0a6243b8b841efc45.jpg,1
a90fe913708f44a9b494932bc26d88a7.jpg,1
021322d104a54b5aa75036e89f73106b.jpg,1
4f2f8d4966d646b3aa98f532f4537eb7.jpg,1
1209218e182b483d923d1f17a9a996f9.jpg,1
f909943f1dc04c0d9fe30f824582dbc9.jpg,1
2d4dfd1d548d4d9594dd7c97124582a8.jpg,1
e559fc4a5b434af1b0764a51fd42d565.png,1
fb93f5c712814ebda56b515a184c04bf.jpg,1
015334e15f5e441ca7eda3a0eca50362.jpg,1
7b826c53f1c2406dac5fe52b87d3976a.jpg,1
349005e85a904dd29d61a0f86bd25d08.jpg,1
ef971627df464dab8d3016d74bf18739.png,1
86002ee1433241bd8119a42e9ca87cdc.jpg,1
6c6484b1830d4bf085a3733cadc501c8.jpg,1
2decedd13f8748dd852f9b77c3fda937.jpg,1
afe651855bb946fabdc125c6ea2cc094.jpg,1
f4682fa790a24cf6bd3da501f702c07a.jpg,1
eeec2769b7514d2dbd434e3e9968a20c.jpg,1
d48b3c76104048c19a28eb5ef13f5120.jpg,1
0b2f743361434916848d5e42bb97d97f.jpg,1
1f915fb34ee24359a64da0a5ecc76c5b.jpg,1
1dcafaefa698458aaa295a63b7771e97.png,1
f13892b0294243bca977ed4f1e486a9c.jpg,1
7559067543f34a83842c6633cf636fcb.jpg,1
0c3732fb90d446249a6a4c41cf8a244c.jpg,1
8a4d03328d684267af27aef6adae95f3.jpg,1
a095062f22e1407b949393bf07d0b612.jpg,1
e03e3bbb0ce04e99a235d5507d4e43c3.png,1
8ef8564d648b412096f66a77cce9538b.jpg,1
5aab7dbdd233412ba61a2e2d69e173ca.jpg,1
00ae8c07cc12413db02c2847411839f1.png,1
324be6db73ad4f858d4a6d8c4a48a858.jpg,1
2fe09b98eaf249abb60917bb10687b78.png,1
58b30fb465234cf781e7258b4b5b56d9.png,1
66404680fb614b67a68ae3e7b21454e2.jpg,1
97bf1187388b46138d5b70049c683494.jpg,1
162125f5a9fc4c83a38058f8264142f6.jpg,1
e50763c8dfc544a19e8fb3f3ec90b0e6.png,1
975103c96c5345c891c7d53da6d67eed.jpg,1
3dfc43ac66db442781a754a2ae7c14ba.jpg,1
01b3ed433b9a4a07b90cdf383b7270f9.jpg,1
3d6cf025b9fb486ab7ecd8595cd17559.jpg,1
2cb3249b98c04095988cf686c1acf8ad.jpg,1
0666ded9309d4e4fae50938ecd463073.jpg,1
de3090a354a04bd0b95074119520598e.jpg,1
483d6bd12fea4ed18a8fa593d5b691fa.jpg,1
c6ddb690ea2b4b65a4f4fb60abfdcd58.jpg,1
a4283e848f2540d59b0274c0a0ffe848.jpg,1
d635bde90b2d4561a17abb76a584acc5.jpg,1
0e32510a37154c7fb40ca50861c68128.jpg,1
f50b6a6224774d43ac309e0a162567fd.jpg,1
32e5aae4bc314b4d8634ce6c0b4ab2b6.jpg,1
7b7b59625e2146649fb1545a5e35195a.png,1
b9327a652ad343498bfafe79b278abac.jpg,1
491e1e49b76540cd863410188388d3b4.jpg,1
319c020b93274a2eb878077f5040971a.jpg,1
f9cdc7e3a6bf4151ae3b138b1e535eb9.jpg,1
ffe88ecbd3ac413e8b239957c94cb0d6.jpg,1
3169910939ec46b4ac9dc22b54c60a4d.jpg,1
953e8c259b5243b79151a16a49b0e518.jpg,1
9950f03446d040a9adf636efeca3a440.jpg,1
57ff7fd52f5c40348b74d0dac7d11a31.jpg,1
13225e14557441be8eb64aa74ff242a1.jpg,1
0328afbb37584ebcbb40307375eca4e7.jpg,1
09dea29394514fb28805b5a29063200e.png,1
3a45e9521e744ba0bcc69739eb9d6253.jpg,1
108694490901411591d5567287908656.png,1
13e194f7e79e4daea8e1e2eef2edb81b.jpg,1
8f11549779194dd8afae7d09a6e328ed.jpg,1
61435282b2614287ba72e39af5cf2918.png,1
ecc006ceb4f54caa95c30acf7d6fca30.jpg,1
fe7c428bbe8842e29c6e7282ff00c149.jpg,1
95e6fd93caba464082154c5f1dd9c023.jpg,1
99bc28cfc9ee46849a22f30d0f4d032e.png,1
5aed4b11ca2d472294a6d2f76b539773.jpg,1
c2bf2ea6fa094c0da6d7c133374b2ecf.jpg,1
9d885a7653e6484f9bcbec40c5306979.jpg,1
4372c8ad2ff5499cb257eff8b2dfcc6b.png,1
fc8565f084964d03b60328809dd02eda.jpg,1
2ede97099f984a51a9744e33f239ff95.jpg,1
82bdea48dcd8455a8bfe92f30d03b4d1.png,1
1dc15ff5d87944d4831305f1c3a50ffc.jpg,1
e67e583e93fd44288a4061c2af76adc4.jpg,1
3ddc6f7cd51b46cc8feb508b3119df62.jpg,1
03f0810f53cf40bcaea13aeea10ae9bb.jpg,1
5e91a20ac033496a8286e834598481c4.jpg,1
b89c1eb81bbe4becb38ff7e919882b3f.png,1
1e9422b78d824056b1dda0bb4d2cda0b.jpg,1
d8fca7d5a1a842d4978bcabe0a7dd6e3.png,1
730412387ee0462a9d87bedbed943b0c.png,1
5a927a2da67d43d7b11824897b1121bc.jpg,1
233a999876084bd0b5cb854821e3c9f5.jpg,1
fdcc92656b4942eca75530338fc9addf.png,1
13a6bbb0ddb64142abd2f14d22b307c0.jpg,1
bd0b55e45baa41b9a4cc88f0592a3640.jpg,1
53b4522a14944026abbc636cbc4afd43.jpg,1
2776ef7f417443429246c0870f4bdb3f.png,1
89da7b97b862443687069427bb6c70d9.jpg,1
ca1765342dab4cf5827c773f1f63d0d6.jpg,1
e4ac9930fc4b442cae5cec464c24009c.jpg,1
07a676a1363e49f38a359944789c4931.jpg,1
2ef328980ee6489f882f929ed2b32a81.jpg,1
312c59d986f047ad82e5b387e9c9f76c.jpg,1
80bf05f0cbe948a3926bfd1f7303cc57.jpg,1
2689a65f5bdb492f86c89aa1955467a0.jpg,1
84b0876c0dfe44698b1df06663ac54dd.png,1
597f2bcc8b2d43a18b9c7fc87a0721de.jpg,1
f43fe7b857f848ae875dfa58bcc6827a.jpg,1
c41d7ddd9c6b48a5acccf67d14618ebe.png,1
f851773910db411b9ab38c6cd028938f.jpg,1
a53ff83370f14df5b814e6a26dc77f0a.png,1
de76f554f6e4453aae5566a3b41d58f2.jpg,1
28d3ec83bec344a498ce5677bb76293f.jpg,1
8ac36994fafe4ef49ed3856b4a39c30f.jpg,1
4d03766573ad4ec9a96e7efa20d4a631.jpg,1
0103c6875fa746b5945c0263c508f6f1.jpg,1
4b52906201e2415b8af01cadfceb3755.jpg,1
ddef5c477f8b4e30927a7becf5efc114.jpg,1
e5a90afe34a043b1bc4278bcf0294691.jpg,1
a18bb60dee834fdd8845e4757d5041df.jpg,1
5fc635d07fce41b0813c02b7bb52d39c.jpg,1
f5184876b4c749ae9714c366033519b1.jpg,1
bb2baec4edec47b19649f8a25fe8862a.jpg,1
30830fc2061f431cb770effad5d6ba9e.jpg,1
9a9747722cdf43cdba7868f0a81ba266.jpg,1
9ca6b2cbb504492484fc2111daa2410c.jpg,1
13a65a4d56624547995765e90aad1973.jpg,1
1940939c5ea645ae81e7a7b182846dfb.jpg,1
1de3302cb67e49eaa2bd78e250c5c460.jpg,1
26a27af2fbae495f87ad14bfb17713ea.jpg,1
9e25a396727d4b0d816bfc2d73d56c33.jpg,1
d3e95d4c53c648129e4501d260353e2e.jpg,1
3cdd014723e245eba569ccce591f279b.jpg,1
98795b1621e64a30bc893eea945abebf.jpg,1
1ea554310ee94012b3a31ff3277ce16a.jpg,1
064791ba0f3645079af6c8ddb4c131e3.jpg,1
8b81f3199a9b424c9d7deddc28860212.png,1
ff67f84be1bc435692fa8e82eea94a51.jpg,1
af8f6dd50aab4bf0b3683dfd893ae764.jpg,1
866a8ad146ec40018973ee41e0f233e8.jpg,1
b9a1c161ae4044ad9f83052d05bbefd8.jpg,1
f4bd98b16c844080ade9c91f8cd3a2b8.jpg,1
11498612a993485599dc30320846f1b8.jpg,1
87374517eb814fb984fac2a74c1f29df.jpg,1
ebfa0f3ee2a8409da00e11d8059aea65.jpg,1
66cfce767266423ab488d01a43616a0d.jpg,1
a284acc6d09a46a2ac854a4ece17c0f0.jpg,1
c6e6ccbc8a8d4a7882424a28c7ed2117.jpg,1
59e2ab26ef034587a44ef41d1b4f12e6.jpg,1
cac2f69de53c4286a34c4e585fab9120.jpg,1
4133432fb6f042b1a96d94d168a98a33.jpg,1
d4f3bf3e63af413ea3569c96a80c2fa6.jpg,1
75085a21d67a442196cff62cff6333d0.jpg,1
e987b88b5f984caca14f34e783389bd6.jpg,1
efc6ad97aa9c45a3b346c528aef16eb7.jpg,1
91841a4a8bd7464694f6c509f466ad43.jpg,1
6566515e3eb54d6fb78dab93fe424b54.jpg,1
0a0bb41baeaa45599e23b4185442cded.jpg,1
5f0d1adab0ba4029ad70a569ea89d0d0.jpg,1
20e41289545840ae890d58c319b4dc11.jpg,1
eb1c8589d27149f595294e0bd820522a.jpg,1
4063512ed6de41638550c41cbe72c895.jpg,1
154ad400ef5f46f1b32f99b0d5d16706.jpg,1
fe08819d2cb94eba9d0c330be4b73733.jpg,1
f61714c988a44feaabab7b8c619b9b60.jpg,1
ae878e1471d84400a2bfb7a05088e259.jpg,1
e58367c18b0f4b8889bf763543f52bd6.jpg,1
9b99426dab554c3fb194a5e3e63cf4c7.png,1
38f1c22dd4924c7eab311132524550e5.jpg,1
b8f05921371e40ceb1c4a8d8cb910c17.png,1
ee87d618187a44d99d87c074e811e24c.jpg,1
db2d3e909b594766807f7d8f3aeac097.jpg,1
fae3a9a113394974bc505f04e2aa8a9a.png,1
a90dd5c9e4fc4f98b2a8432775823622.jpg,1
834425b6f90e4b4aa2fe4b66f8b74d7a.png,1
2f36d53159144a8fb74769a645d9959d.jpg,1
b8e200d6ec194ebc9ae4469606af21c1.jpg,1
1db369ed99d14500b5eb52f843e4f389.jpg,1
acf811ae972d4c1487bd0a866186d051.jpg,1
be5195b4952b47ea904d4b5177d75721.jpg,1
ce11592bf84b4b9ba81b491a5dd26e19.jpg,1
6c5549d4684041c181d9cfd2f5be9a64.jpg,1
037d7d5c1da44af3be5c5995147d6d70.jpg,1
c1a0cfef8e5c4f68a4252dc091adea7e.jpg,1
f1403209f7104162840f3802034a08f7.jpg,1
8144011f75d54a2abe0cfc97699f65b1.jpg,1
80bc316a63f54b07b6fc8a3efe344ca4.jpg,1
2e046375b8bf45bbb9fa0cd3e1ce0bff.jpg,1
76d25d5ca5a64cdd9a1e64ea373e7ed0.jpg,1
5fabfc6acdfd40d38149210f4d94013b.jpg,1
8f090cd85b424bad89ae6dcc71e68397.jpg,1
9ed2e6b34f18488fba7c9361f1ea0eeb.png,1
469b1c2bba18424db5f8f12e911dae3e.jpg,1
7073bef7b07f4a5fa5c208a1b9779c83.png,1
df270c855e5e4713abe6103d825d4a85.png,1
ba4c75a0085e48f9a82ddf133fe54e52.jpg,1
b8c5ce2cff6e479f9cb209f3fc44efad.png,1
b938973af2524e71b71fd029a1088a52.jpg,1
7130e3475391455392beaca27790b8c0.jpg,1
4d8a43066a274ff9a22393c0ccaf3dec.jpg,1
6ecc71e601b9404e884f9dddac508244.jpg,1
a8138ac81ac14606b046109f7b6f2a51.jpg,1
7004113ae1a74714a9ebadf7bdf55e16.jpg,1
72596d4c5ee346b5a639a30cb0c9c173.jpg,1
4b5ddc16da5341158dcc995507264e3b.png,1
17152d84037b40ed8fd02ea1109802bf.jpg,1
87df1b12238f44f796c97d233c34ecd3.jpg,1
698ab33207144abcbd9ecd6a3cd22e3b.png,1
23b301641ddf410e8d8302cf612cefca.jpg,1
4d5fb0b52def43828bcbb049dd2c0a76.jpg,1
cb2096a3619d43a7a38bb53b012d642d.jpg,1
ee28ac1078cb40299fdc04dbb78d2adf.jpg,1
d3b4f6b3d3834450a8e5ead5d4e75eed.png,1
da63ca495abd4a908fe3f0074fe26f3f.jpg,1
0be86849e46e48d2b9056324d210fd3f.png,1
187b8cf5a8114ebbbf5c64f7b25e57da.jpg,1
0be69654696c47fbbfa063074ca9e46d.png,1
56370a8ee34c44af8a7ed9635e467666.jpg,1
c6e99d6ec91048b5a16ea4f9df105959.jpg,1
d787530b8c5047dabb790305a910e1a2.jpg,1
029c1905127749b4bcfc2473b1b44d9a.jpg,1
c0cea856a7b241ce9ae5ba9d83532ee4.png,1
feeb12cf82b3461d94a911935708f304.jpg,1
3772896c34294e2f8a2ec6b48e80d56f.jpg,1
6cb68ba65eb84ef9b9ed5200af06f52d.jpg,1
89b3dc49b0c641eeaab14f9a0fa31bf1.jpg,1
d96799c6a13a42d698a59a4d148943bb.png,1
2dbd84193bd845c58e59478ee337634b.jpg,1
3a22b10b652a44c5aabf1840c555e98c.jpg,1
f1b2bb87402044188e77be97d90a1d21.jpg,1
59dbf8ebe5e54eec8ede318cb04a1fce.jpg,1
ea84b786515441fc8d0e1c64aa5cc1b2.jpg,1
bf943507ef0549798426ef2000141e2c.jpg,1
d6fe8f55562849d19a64a6a7e389b345.jpg,1
97dfded8a65544df980f314af8596b5f.jpg,1
e456f93392814dbdb2f81cf6d41faada.png,1
06c415841baa402c86762978521fac19.jpg,1
68142a5622624421bec39b717bb7fb73.jpg,1
f67462a3e90040868354c79261aa99cf.jpg,1
cddb1f31459d4d87b51fc9ae8ebe7d22.jpg,1
cef0e87181f84050a86205b5dbef4816.png,1
6402098c2edc466aa39fd9fa39e814bf.jpg,1
c0421c33903c46c992ddec26f3697420.jpg,1
2e9ad65568d74cac93cab8a57b87daaf.jpg,1
f47626fbd42149aab86f9af78f42ec22.jpg,1
e6f5e076ecd94a9bba2d7095b22cb1e8.jpg,1
757df693c04b457ca7608aab94861762.jpg,1
55a1c342730f416486fff88eb9bfe384.jpg,1
b317b5277e4c4f94abf5031f4b121f21.jpg,1
a81f2455005e41138379797033dc2555.jpg,1
432c7f46eab04e11a810c952dd026a4f.jpg,1
1093ab8c26634c7aaf37f4af9726900e.jpg,1
7f921588d1994b20866ad40744825879.jpg,1
535ebb5b95f348f9b7a026dd5be14e07.jpg,1
c053ac8570814b24bf18d721020a56d8.jpg,1
8e9010b340964d05a4d25acffc1deef4.jpg,1
9dfd0866b2df4fa4b9da503e375b8bcb.jpg,1
7f33608adba843deb718bb16769423e1.jpg,1
2568182c8d664130a42261fc7a9388eb.jpg,1
522a0dc52f79451cbe743ea64c9d5a83.png,1
97905611ffa2445fa7480be0e437f758.jpg,1
3bbc516d83d04761b9fc3bfd696d37ef.jpg,1
fbf3218fcfbd47bf9e3ffd6d2487130b.jpg,1
fbfbd95b077040dbb81d4f96a4be46e2.jpg,1
cf6f9027c2834bae9fa42d707c70003a.jpg,1
08449080058b475da81e952058b19883.jpg,1
f38de53b2036416294021a3073ecdf32.jpg,1
9d75501eadd9455abd38ba42f4ac51b1.jpg,1
cdd2fa3efebc4fb0860af2fe82269d62.jpg,1
8c6cde2de3324dc891fbb11083bd7fb8.jpg,1
c5affeacddec475f9f8ca97f3a40ea2f.jpg,1
669226e63ec94eaaaa1b072401b14f03.jpg,1
28d6d032f5b8467fab3209a81a22eae9.jpg,1
0bea52c23c1f41feb0cd6f402a43f9d1.jpg,1
b5db95a899434b5fb1c33f7b343a1d26.jpg,1
6e29a993225f4798ae0b636757abef37.jpg,1
b3268baa8ae54ac29960ea898c38c7d2.jpg,1
b78f2301ff9f4338bfbbe31de5b829fe.jpg,1
d5e4727ad1554f6baae9740b901494ef.jpg,1
7bcf9cad6a084480a56a959c5f586889.jpg,1
794ff2d8760745d1b511cad6d1d4a49d.jpg,1
9055bdd703714698aa41ccb6db288048.jpg,1
91a181f97d394a91bda8b66ef55ea994.jpg,1
8282e037a3ba44b3be59430267652c55.jpg,1
1f332d39374441b48143dd7720f9c728.jpg,1
8fa849fec1494fa5bca452c87db07e00.jpg,1
f4e6dbb292f340e7b5a5127d348ca222.jpg,1
28a0017f789d4b1e80ad3d949d40d27a.jpg,1
804159128e154f12bf5f0990a4e516be.png,1
14c13c6eeef942338c858bd876c0c03b.jpg,1
04ae7ab9975b4bc78b5532fc45182554.png,1
272eb501d6e44ce58ddd4163132cadbe.jpg,1
53ddbc686b2d460b9df8db9f5545903e.jpg,1
da6cfc04ed44470bba5f7ac1008fa18a.jpg,1
d6c949d7f7d24a35918b0dcf2a0c7ce3.jpg,1
43bbf0d27c3d4a5a9971add2c145b1f7.jpg,1
c563009ca8be42b5b6cf5731b75817b5.jpg,1
5d81cecea4ce41c6b1fb05978702aa01.jpg,1
f8f776a0af2c4231b602b31854952f78.jpg,1
48c1e362bda540a7873f13c087fa72c8.png,1
175174eb5b7e45f08fcaa5f0fc7bfc51.jpg,1
367dd5b5d6594d8cae79de68b2372909.png,1
9ffe13feab6541eda53453579e44759e.png,1
fe75d95164214dffa3433540e3228d43.jpg,1
c803eb52108447da88d9b936eee522e9.jpg,1
abd95364c9e349d691469ce696be81b4.jpg,1
069bd54222694edaba57affca96a0a11.jpg,1
4f7a13a95636461aa0bbe63b9de35fe9.jpg,1
8e071cc55b914b259f0caeb4f60f501d.jpg,1
242aa7901c8741f5bbe0b37087e7f20b.jpg,1
71254f4d3e174a36999b0cb426d7479c.png,1
d3aa736a12df4f63afc769d334ee298d.jpg,1
d3b9672b534441849eabb2c34d34f7cf.jpg,1
ab28289e7e2b443380d5cf99183dcb2d.jpg,1
9ee57cabe78a411586a9833aa417ade0.jpg,1
9f5f7fa2a87f472398db575bcc20f761.jpg,1
2bc018cf323046498ab8148915500e04.jpg,1
e2ad8037da844d0e9d12b4958263a976.jpg,1
5d5478360320421696f02b5323743d4c.jpg,1
e4f072db5b284ecb81dcb3e976128262.png,1
4adb4ae24e4b4a4d89f126f1bfcd14d7.jpg,1
05c4e98642874de3a1be80218436bc8c.png,1
462f4a9be72845bdb08bb5dbd8135e47.jpg,1
bc20013fb9cd4a059141818b3bf0d9c4.jpg,1
02a5d67d793a4fe8ac1220f8eb2cae8a.jpg,1
2f41ed76d0dc46399c79e2bbf9b82ba0.jpg,1
5206878a6996467a943bd15e010a52dc.jpg,1
10cf43bc1c614fc29d163a962afa607e.jpg,1
4c3c92d6e09e44cda686282837ced54c.jpg,1
b4a5ec06b179436897ecb3c6b806db35.jpg,1
14b973e9319e4465bfb4a8c89a04a138.png,1
ac48b02d3bac48dc9a4224e4a0245bfc.jpg,1
1ecffc7ba3614e33a7d97ce27dd38232.jpg,1
6051a4d1969248c4a7b71a73af1c75de.jpg,1
27bef7e57a6e4283bec8a0e6287cdc56.jpg,1
2bedaf49427f497bbb5008d276c80633.png,1
e232e771dbde4962badb1790e4f0d47c.jpg,1
05f220d0ed1a48cb95859b43b8f7bd81.jpg,1
1f9794ac0605462f95a68d2bc15d8fc5.png,1
de53e7653907413babaa6177de10ede4.jpg,1
f03627afdef24531b79c73138c9594af.png,1
e157a0f62e354bc8a36fa8b0d499738c.jpg,1
a6a9bc88f4824a54bec3f0c5c8a864e2.jpg,1
b190a53d01304897bdb05ca03bdb9489.jpg,1
3e7c6f0f372547ea8544b7973df16992.jpg,1
823a0375c79546d6b96d8dab755643d4.jpg,1
5fb3cccf75f04be4a65a6fa314a9d5ff.jpg,1
d27cd70556d947d0bb0f552e3474a908.jpg,1
3e3d95f79d934181a402ec4f0a5d69fa.png,1
64a580af5173405594f83f4b6a794dba.jpg,1
b7a7ee8e3e374f98aa03177f1403c69d.png,1
c207a50b2ccb4a2a9a46a7e4bdb73d38.jpg,1
3945d5a4f7064e6ca20a43319125d6a6.jpg,1
a906494f0fd943a1aa6405232a18f062.jpg,1
9ba58dd0ff0a48f6926e8279d8a82175.jpg,1
74aef1c4f6fc424488215bde4c44ea67.jpg,1
761559b2f88e43d69ff69d85bcc107a3.jpg,1
023940695cc047549ac81719a90e6a1e.png,1
1457f6b0584c4637b51e7bd4fbe9df0a.jpg,1
4b08ca4d47d6463a82d8a0229f3aaa53.jpg,1
80f9d092f9534fa59380ef5a26779833.jpg,1
dc6279b7c1a54278b3a7f650c6769f41.jpg,1
ab58867996c34267a9a464b0a1186798.png,1
9982037a4b204f95b122b2de88baf970.jpg,1
2e907ba8f6dd4dc68a39784a06b0a1b2.jpg,1
18bedd1e0030422e89d1cb1ab0a3c4c5.jpg,1
1f66123d5726415299315fbde485939e.jpg,1
65f971c7ce944b389eca38779bc37cf9.jpg,1
c0fdd6e03be3435f8bb2c26fc176a29a.png,1
402c16bf79454cc385c69c5fb850d1d0.png,1
1ad43e908d1f4af7aa8e32d794cd02cf.jpg,1
b5488eb888974bd381c835af64cc78d4.jpg,1
8c71ca3a6e83412cad063c27fd45907f.jpg,1
7ddbe6846f8e425488cef6fe45e2136e.jpg,1
ba0c17fc63bc4fd8a5727963cdddbb77.png,1
c7a02e33afdb4b0c909f53904805a01d.png,1
c22c9a206c8a47b189a70ec78d690bbf.jpg,1
d6eca9a584ce4f118daf57d5593cd184.jpg,1
11b37b5bd54c44f3aa90217a144ecee9.jpg,1
39bf2c2da5ba49eea804d0c5cb94ef66.jpg,1
8ed47d3a751448e3ac6d052248f1bd74.jpg,1
2ca8c7b27d8f4e5bac759a74f68c16c7.jpg,1
352e7c0a6b38445398f00411de446e65.jpg,1
8845893bd4b54a11b7f712fedcd9ed8c.jpg,1
deb6088911e44434b2b8b47d46d3820a.jpg,1
a3126335711b48bcbc769bb157150cd3.jpg,1
0c44e17b0b2547b2ba0db7cadece360f.jpg,1
4c7618aee84642129ee9ceecb1e4c32d.jpg,1
5ee751e117ee4b1684f586e229cab49a.jpg,1
27dc764d6584477ba9892dcfa6b3818b.jpg,1
2d7fe39276294b85b923ded9ba063050.jpg,1
04924bb30fbd473ca7b87a7b147517a3.jpg,1
fa443e60b36e4a3da3393d2fab16da0d.jpg,1
4e2e39ad89c24cde9689bed4d5da3eb5.png,1
998ceb0c16914f71b291075118f0f335.jpg,1
692fca9c376745508189ca20bffa946a.png,1
1867a62105e54ce68abafdc6b055d88c.jpg,1
3ba64278135549df8a27ff44328458be.jpg,1
28870c4763e043efac0514c031baae18.jpg,1
1c74010f464541148280c3598800680b.jpg,1
5613d0d1a65c40e9ab104f59c12fca62.png,1
c72b7f160600414e864f441b942d8574.png,1
d9afa92f7d654f4ba165b1b39c76f9a5.jpg,1
92b4c692a0964b66b8e93f9b14082959.jpg,1
f0ce4b7e266e4d3989794d6ea837e84a.jpg,1
ddaa5ba51ec243a6843d93b8b0c0d6ab.jpg,1
d60fd7e954af4a7b966a8e1a23bd7458.jpg,1
ff4edc1151e047a3a2415cb6bee2f195.png,1
98cac71d258d4ad2a25c1f903bcc8ecc.png,1
c0db9b8a75284db3b39f9d09c5bff53a.jpg,1
baf485abe8b14b9d9b6aab06abd1b0b3.png,1
238f3c7f10814cb9beb51164a691d01c.jpg,1
1a62a0e85e5544bb991346b925b7bfb5.jpg,1
5b04adec283d4d1d8b4a868f2baf338c.jpg,1
b80eefc018c0404ebd666c234f63b071.jpg,1
86737f13e5e946cea6e6fb9c3c176226.png,1
9f9fd26b391a428e937684b2b70adecf.png,1
3685558bd83948409be586ef9a8ad34c.jpg,1
8d71ee5bd46a42609a206bc2e6484883.jpg,1
c2b7ef62809c4a4e8ddf49fe3234379a.jpg,1
070cbad84d7740b1a24eec954bd98712.jpg,1
590a5651965a46959882ba061162aae0.png,1
7d7186a45f0244f999d6844228c54b98.jpg,1
d7738f26ee444bd1acc6d1451b6da1f3.jpg,1
61b7ce73729e4ca6a62bcb2d165d01d5.jpg,1
30074b75cae241e69c3a07c7bdbc2c0a.jpg,1
e038c00b6c5a47b689efcb7c887be391.jpg,1
3088e3a92fb94a0facf2050900d6c6b7.png,1
e5c591f2395a44308877fb2f07967bf4.png,1
399727e7612c4c899be60ccfe8224091.jpg,1
d5c3ddd2313a44a08385bbb76739dd49.png,1
7ebe6b278e4e4e64b12623385c76291a.png,1
7a1d8fb015074d71b5257c06231946a0.jpg,1
11a461e446e4429784e202583fb3fee8.jpg,1
1e9ac058a90c41bda2f3a1e2bc7439a2.jpg,1
c6d3bbeef56a4cf990e1cc2d20c4fed3.jpg,1
846bfb6eb502494a89b0c71647a5b7cd.jpg,1
e6d8d1ad09754bcd96600ff83cb2249c.jpg,1
35d6a03fdd944097bdfe3cd48464015d.jpg,1
0494165b79d14afcb54284805aa4b665.jpg,1
7224e2519dd74aa4a38783082ac85497.jpg,1
246f3fe6bddb4f7ca4b13a50cfcf3842.jpg,1
b1bb5b5890ab40e190d68c03d5874abc.jpg,1
744c841a185646f1aeac3d3620f4c3a9.jpg,1
b2b05edda43a4f5f910b21689db871ab.png,1
e0cc9351399d4678bf2c81a6156bffac.jpg,1
1bbf5e365085423bbebb04e2e389b478.jpg,1
8a2f278b47ad4cf0b1d9cce21d8a8188.png,1
90f1f03079d3431e8c4b9f60cb067c91.jpg,1
bb0329fb256a41a89357128d9bf57be8.png,1
0c587879c75145438eb8e9b2b384d40d.jpg,1
0956ad25c90c425a99064d0c5c3dd6b4.png,1
902866639f1446babdf614022734b22e.jpg,1
73b50631f4d24313a337d49ed6ed9e2f.jpg,1
0a54fb51bb9a447f94561043c9c2c5b2.jpg,1
9e10daad3dcd48318176b7592aa22185.jpg,1
6200392ae2e8419aa81c4eefc82aa129.jpg,1
619706dd7211445ba74e0e241b0b0c4c.jpg,1
78dd39bc24b24e65b5f54083bc77e328.jpg,1
b0c891938c3843d7bf572b01725b5218.jpg,1
4d45ddc409374491b0ff38428c8248e9.jpg,1
8140b1a22476480dad581d48158a12b3.jpg,1
ab25cd0584014bbcbc742dc9e24b3541.jpg,1
b66a81d9a3fb4d5884cabe772e0b5141.jpg,1
f1b4fd493c6a41baa00cc48e1758769f.jpg,1
d7a91033c004451a9062ccf16ece91f6.jpg,1
5210569e2c59429b984add1d3bf7af6c.jpg,1
ac300e93e57042b7b891b5ef4404cdf9.jpg,1
ef66401eaec444c88b6ef040bc32a155.jpg,1
c0c825ef936b463ba37cecf836403ceb.png,1
d60e315047d54606ad2a0858890c0c24.jpg,1
4365e9b651994c8a9d2743de2383fc8d.jpg,1
fe6b4d799fcc4c36bf7a17d88ae98cdf.jpg,1
2791e0ba27734cdfa4ad1b795c859d6e.jpg,1
8085941be46447579bc980759c468bbe.jpg,1
034e3906e3ee41b5af819c051614e7d8.jpg,1
a00fd823529c4017ba791adf1eb43500.png,1
0a7efd46aea940e3830d0e05a68201a8.jpg,1
cd30c273afb94c6b8d16151406281eac.png,1
087fa24b787d4db1af3795e97ac44073.jpg,1
2d3c7c06c96743cabb2f43a4660e2abf.jpg,1
75dcaafddeba465a9ec25ca24734af39.jpg,1
ffde4e1d77f240b6b2ddb2f90e11ea8a.jpg,1
cd7d5668cfef4606a9eaad3b17e128ff.jpg,1
7b369e194c974e1f96df5576eedfb057.jpg,1
eee6f16f21e14cdabee9013c3159cd3e.png,1
4d7aaa2fbc6248288d19fcd0d4a4998d.jpg,1
fd4f19607ed749719ef63c0d9470c917.jpg,1
8d41866bd82347269525600481b709ea.png,1
a18b1084c0854efcb9aa6d46f8d561ad.jpg,1
17038dd355be4011a7fa72b617458cce.jpg,1
81dcad37a0994e69b07d267fdf95f3de.jpg,1
5cb8d0373cf446cc860ea360266032f5.jpg,1
7fca8015948c42f7a1cbd5685ca4080d.png,1
57a3f559969c4708adbf74fa23ec5740.png,1
92b2f6e2a49e421f8672dbbbb27077e4.jpg,1
58e18f50714f4d96a14db57d6933831e.jpg,1
eebdb987ccb3446ebbb3dfc14b9c1aab.jpg,1
8ce7b1c3ff08479e976bc7570b5022d9.jpg,1
f47fc762fa284b709bbf806c0612b946.jpg,1
3fef6f4aaf6d4cb886eb0c2f569cda2a.png,1
19d9423a7fcc48fca70bf9fe9c8d8326.jpg,1
6e0e4b25cb1a480ca3c8da5a57a59e2c.jpg,1
5a3260cbd2974ba8a7ae1dced696ef64.jpg,1
cd868f3fb4244bf89cda744399e7ee0b.jpg,1
204a468ce58c41c79338d70c73692fa7.jpg,1
46ff8d9c746c4f1bb2cba8b0fa15df47.jpg,1
47918ad0bc934b6e851210d2b0f1959b.jpg,1
03f4fea8396f4c0ab54f4b967b900615.jpg,1
a17bb80a0c1f4f56a4ca207a49c19a13.jpg,1
c84a38bed91a4e61a3f8115ea95ccaf9.jpg,1
e6359ba4b34e4e8f9662132cd2dcda11.jpg,1
5908e9cec8b74053b90d0871cca97812.png,1
90c75499ba1943aab212ab01f1967a49.jpg,1
08f2e80c51b4493f94602aad68659649.jpg,1
90b893066006467c937cccc25c80400a.jpg,1
0d1777ef85cd43d18104d25bd6c477e3.jpg,1
c5dfa549e1d94950b02c9460aa2959bb.jpg,1
f4f3711f5e304b83b48301bec90908cd.jpg,1
ae0db6cb9f4b4475a13d5df31bfe4d44.png,1
584dd49f54a144d3b76bdea6fdbe511c.jpg,1
22fedd482dfb464bb04860f72951bc58.jpg,1
63cfd7ed5dff4d59b5f3f4fd4c135ac0.jpg,1
b3a3fb5d41d24884b8a3765b0ea5c226.jpg,1
3baea3a223924cd7aadd15ef882dba11.jpg,1
4d3237cacfac40838b7ab796a21b4dd8.jpg,1
4f76ec14cbc84edfb001c1e852d15558.png,1
bd99bb3eddbe456daaff02fed9cb329f.jpg,1
0b699c55b47249ffbafd200b8f799556.jpg,1
66062f9eec1d4cb28ef51d11ed5ff8e0.png,1
045e56bdf3324375a1f02c94fa4fc33f.jpg,1
173ce0abd41d4028bc7b96aafa18bc32.png,1
0a96783c494b410595e30a4ed37d1779.jpg,1
cc3078c5158b4207a3aa2a0089aee7cd.jpg,1
da87ecb0f6d64ff0b56db1a49603c386.jpg,1
ec69dd85b8fc40d988063d7e8d6676be.jpg,1
e79b9f20539745189f50de0e003c42b4.jpg,1
8d67e5dbee574349b134f4c5e8ae669d.jpg,1
d5481dc4e18f445c89216a113a9d0a49.png,1
373338cef24047a1872a0bbbcef57102.jpg,1
b2ffd46b9b8c40a9bda7380a7603a6cb.jpg,1
2fdd7c086e0c419983751a5edc9f952c.png,1
83ef946ae49742549e6cb3478550c7cb.jpg,1
39c7752cf0a344dd910b38791314106c.jpg,1
f69a1a2f8125474ea5680ab8bceb4ca2.jpg,1
a67c1a71847c474e873c47246dbe2ef6.jpg,1
9e3c4e4475a640fdb4c194068b310bc0.jpg,1
ad1272d174b74149bb0687b3eb4f1cf3.jpg,1
8f7bd7132d364db1b4bd9485841846eb.jpg,1
1876bcb4dde84c21b4f24d79e54c80cf.jpg,1
ff848932217145fbbf7ba06202d694db.png,1
5ea27cf03a504935a282d505ee947584.jpg,1
5c48a8a43c764c68b92f727e4360f3e5.jpg,1
5e8ff081566a41818d9087afd1b0947d.jpg,1
b707106d712449abb59fe78ce1171105.jpg,1
aef353ce6c9242348fe4f6fa35a9eede.jpg,1
99773cc45b47465b970aee786e02ab56.jpg,1
33899ff2aaba40e8b91bf1a23aec13f0.png,1
7768294a15ab4f40adeb1257dc0aad2b.jpg,1
9a12533950af483cb81f32fd6616dd4c.jpg,1
86d8c94882614949ae97653ff2897341.jpg,1
af4b12d56cb94ed3b142afc238748a51.png,1
c60c07be1ae44c88ba86ae1372b7f321.jpg,1
77bf7b54c4dd49299924edc39ce14834.jpg,1
ecce195960ee4266b03a4d2d04c88c71.jpg,1
c7b65d28fc314020b4beeb1219f54911.png,1
896bad90056b412385ee24d8914c071b.png,1
574a073a8b4b4916a8da059b8b00e0fb.jpg,1
9781a59021024261a7dd66e411a4d412.jpg,1
e9de1ba46071434a86f6c055acb159dd.jpg,1
7c4dd6f83fbb4a019d9bfa2fe00f52b6.jpg,1
8413348ae4ab4b30b714eccd841bffe7.png,1
420ba6c601014e21b4332c58f13c545a.png,1
e128b985fd604d289f01f4381b504fe4.png,1
9bdc2b41360141dbaa148de16a9c034c.png,1
5d705c5fc7114e33a0bbcff08b1ab27b.jpg,1
426469f4d6a545daad803c15a9520e95.png,1
c808e39fd41347379b71e33a596c10d5.jpg,1
7ce32084e5574f35811802629f837e6f.jpg,1
9a4c984acfb74815a3f7835cc13aca4d.jpg,1
b2771f583c27455e9a7b7f4bb259e81f.png,1
12538e220fc14ad59f4ab0ce8d3b2e8c.png,1
f866e9a955404b7db7bc54f88281a656.jpg,1
7bf0cdce555944faab1275adc452e684.jpg,1
813af8f644b74a2c865494622931bb23.jpg,1
9cc47306f5b14883a291f21b6a2e5e91.jpg,1
2a8a9885d11f44edad61e3d1a5803ff9.jpg,1
50b39b0afb8d44359e4a059142926fdb.jpg,1
f15978679b3947829a9b864c5e61efc6.jpg,1
9060b2ba2d474697a696b1833ddafdb4.png,1
ed12795f87ca45398da1df7d35433586.jpg,1
e6a09070022f4fcb9ee4a4069fa1aab5.jpg,1
5dfd772a4c2445d28015e11918c5dd74.png,1
1409c7606af5486694a0470f539a0945.jpg,1
262cf11c74e140c3b95062768bd66a05.jpg,1
2dd90e9cc2064b80b354baac4265fb90.jpg,1
055498f6a9dc46f1962edb1855b4f8fa.jpg,1
c5e0f0ea1cdd474da37b56ea982d8db9.jpg,1
13b3e08be2894419ab016d76c5287efc.jpg,1
35695be5e736443aa4df5b9386b296da.jpg,1
47f1e6aafaa64e35ae82b83886e0ef27.jpg,1
35a48b3d2d834603855f3c5135fcfacc.jpg,1
a068f2634f57436587b94538870cb4d9.png,1
f9f3a95859784009922912f54dca398f.jpg,1
d50c67d08e714b98b877a9966b8db12b.png,1
c2406c3a0ad54c13825a799e0cdb8b27.jpg,1
fe1c55e22df744a1934abb5e52eff3eb.jpg,1
0eb31520db9941b289d19f70796a1494.jpg,1
9031580b648348ae8b178fbdee11c5a5.jpg,1
4df9e14477894cc8b10262b6409be014.jpg,1
fb6429b2daf6406bb981a536345162e0.png,1
bcc1d0bcb9a04402a7c69cc7e462eb7b.jpg,1
dd2162534745456d9ec1bbab909c7b88.jpg,1
f3bda13afc8e4f058dec6d15ec868d63.jpg,1
05463a43362643c286de3073c5147cd5.jpg,1
f4433bd339ac491c8f84b4207d6ab1f6.jpg,1
81053123f1ba48278030bd9647073cc4.jpg,1
a024595e0ac847b995cad50f54e769b9.jpg,1
4534139297334479ad6a6b81af2a132e.jpg,1
acff567cdb08468f977b89b8032ffc30.jpg,1
26750213499a40098693bece73018ab0.jpg,1
68ea1a948f69439ebce9a9d7d651c967.jpg,1
2b5c622819da438cba906c02f21e270f.jpg,1
65b062dcfbf3482a85ca49a44ad8c4b3.jpg,1
d063e065e0cf476c9bdf62eb73b03023.jpg,1
9ec6cb451023498fa7ab05391a6357b0.jpg,1
05f47fc4b29242ffa5ca31f8bdc2d698.jpg,1
46400e5f8b5b4b6698c99d8da1ae3c94.jpg,1
21b5a1ca8cdf4646a7506e85e2a04fbf.jpg,1
f592767427b64dc8b678a8eb94383fdf.jpg,1
aa91e4b00a234c34a9cdf9010fbf9ae0.jpg,1
d74c4166a32444c68b5c4284c1f752db.jpg,1
519272188401443f9a10b916474d43cb.jpg,1
1632f03195c3498396a1bc07a97ca85b.jpg,1
983493711df744d38dcf1b9516923838.jpg,1
1d2ddf28c1be4793880eca02d50b58e8.jpg,1
0a55a4cce9cf4784aff082a77312ee77.jpg,1
51643c6bae2c46ce9dae8dd75dde50c6.jpg,1
9fed273e22ec4186a4dfbc75891efc4e.jpg,1
53beba23f66f4f38b3f1ae91240712ff.jpg,1
2dbfe6f366cb42bdaca0daf3c89ad83f.jpg,1
f9311a74f190436ea005603ea61a4942.jpg,1
0c0a6f347fe640c1a08659518f35b797.jpg,1
eea13da148ea4667a3898078cadfafd8.jpg,1
9b400bcf93404f0899d9911da17abfce.jpg,1
32db0981ee224a2db5be08e81a92e453.jpg,1
7f1c83bd6a9f4f76955be3ec7f1ac7c2.jpg,1
0f0c435a66874a0db14f4b5f10d51b4d.png,1
eadebd3b47ea49a7a9bd8f396d9c63bd.png,1
41de225316c64afcbe4c6488b36b1567.jpg,1
c071307f402d4de08390207b71044cdb.jpg,1
ebc09f82b6fa4ee79c3d63c582146ce8.jpg,1
c39dbe3adb9c495abf1aec174b5eded9.jpg,1
f4f7eab597ec4ecd901c975c92f894f0.jpg,1
ef15a4faa38540b3b6bcd2db677a54a9.jpg,1
d4832eeaf94b44c6888fc06aa5f8781e.jpg,1
ada79841e9d1478a8fee6ba53770347c.png,1
b80411df5cdd4874aa5a659e7932cfa2.jpg,1
3de668f7c3aa49f699dd84aae4ff4660.png,1
279362e8cf814d34907c53d260a2b4a6.jpg,1
d58e717d79474e23babe640a096cc640.jpg,1
27fe0951f41a42489ea012abd3ba6b36.jpg,1
ca85078891ba419d827ddf3e455f4f5d.jpg,1
c0f97e47b1e64b059396687918e037f9.jpg,1
a87ec5ba9dc44f47aa7b931f774eb6cb.jpg,1
377cf39e1ab24444a930cd1eefefc9b7.jpg,1
f7977ab794194f7bbfdae38bfe9054f2.jpg,1
68da7f56c5f54d7a82462865f3291bb2.jpg,1
7d8787f47b8c46dda3b13e4783df2715.jpg,1
90ed669d055f4c6bad6e146d5643e8f8.jpg,1
39e9434ba76440a2b6378baad7b82a32.png,1
13ab33816db446b3b6ff2dc132c725d2.jpg,1
65feb4ceed8f4a4192f7332fb41a95aa.jpg,1
fe767d34dfe1426f8dd75e630a395442.png,1
41cd41d13a294b8a900a25c721afb5ee.png,1
43a36e19268245c9b6bad84773be6679.jpg,1
408e86764f534b81ae2fe73254826be3.jpg,1
ac7e76c93c1c4b08a209902379a118df.jpg,1
1931e399e6e94a4e8b3091310278490b.jpg,1
ca91d418d4fd469c8373ce309b2d4318.jpg,1
620d10f82efe4b9d9f4c784d9b2eb132.png,1
ee85cb06eefb4c6aab86f4b913011da6.jpg,1
b429996e629744f79278cfbb99378a0e.jpg,1
55a8088ea88c4817adba9e2fcbc9981f.jpg,1
187fbe49e4a64162b905d7e12d99381d.jpg,1
9167de6ff02847ef9a8b395887bd6e85.png,1
043dbb7f950c4ca393a9aab472b2a48b.jpg,1
9d19c37f3fc54b47b4fafe9d5cc61190.jpg,1
5e8e84d5fb904399afbbb19c8a1d6616.jpg,1
bca55676df8a458b860891f2d740f4a1.jpg,1
40b6d6f637e14dc3a792144eded0a97d.jpg,1
d7c8e7ad2c0143a7bcbf93ca930744b3.jpg,1
4399e0e29fce460f80173ad99d159464.png,1
515d0cdcb8a64e4888c28fe28bbb5815.jpg,1
5a47f8a9284941fabb414e7abf93fcbf.jpg,1
00686c228c704507a0ba4b70f2f89a3d.jpg,1
ba50955923484f478a7fdc13c33feabb.png,1
02e07cb5d2a04b6bb6656d4b2ebb8a38.jpg,1
e0fbe2dc2cf24b049b81f9737b1c3899.jpg,1
17d89b61d7024e1a81d5f1652c817c99.png,1
6a2bc54e60f14662a7aff8de45c45129.jpg,1
3eeefd2b2c8f4d939881425aa2cf2b61.jpg,1
8decd07cd9d24217b6a0d1ae39d97bf2.png,1
392b61cf8420447c815084bf83b3c59c.png,1
c47b01d1977d42c6bf8c2af512ad1b36.jpg,1
7e2809237b404d1796215e63ea9f6b59.png,1
d2a34af5fafa4039a1199132d6531e46.jpg,1
43cb3d06d1524642bd9671415bf0c9ad.jpg,1
f9c4cd26b3c24292a559ae329af94af0.jpg,1
cbcbc130808646489ba394a7ccfcd3bb.jpg,1
ff091e6d9ebb4b7c8764e0bbecd0a4a1.jpg,1
3b159f1cb43f4a5984639622a3615cad.jpg,1
779aa0ee46724f4da30ff5743ee6f50f.png,1
bb636e66177d464bb76ffc4b75bd25ad.jpg,1
8a4b1e893ba14bb18f1552de62fd6ef8.jpg,1
3829f131f49543ef9fd916d2284acef3.png,1
3a565bac85914e4eb60e1bb167fb35c7.jpg,1
333681965c024698879b36fd178e4fde.jpg,1
7cf8296597084c29b94e87fc480ae600.jpg,1
e392f094fec24a37ba93edcebc16b72b.jpg,1
7237a32a90804414b2cdaec7a4dbd62d.jpg,1
dd19d27303e146d48e3769a519eb1780.png,1
c94e34ae15854eecba79d74a51c6a70f.png,1
bba9b5b631114dde8e27314b5e682838.jpg,1
7aefef734bbc4fb7a98bc2aa57e220e6.jpg,1
f4b6404c4cf74de78f62301da463174c.jpg,1
8375e6500c994ac28d42cd89f3b96794.jpg,1
745801c5dd4544bfb1cc1307db218d27.jpg,1
b1b7fd04c17f47e09a4fb0f49301c74f.png,1
fa7897df61e44d279a93d4225804baa3.jpg,1
aa5abc2cdbe04d7e92a76368f1fa7c14.png,1
001979e4fd5344adb893854f0ee81961.jpg,1
23966ce52b1744c5aeffe230b545dffd.jpg,1
23cf28538cd5449185dbf0b9ba0245fb.png,1
b2979b05f9cf4abf8fa16907056dde0a.jpg,1
29c555649e334439b1389898d32434e2.jpg,1
ad16337a201440e18dbb5fbc1de448d1.jpg,1
ccbcfac490a24adf80226333ac55c01f.png,1
1e3a280080d64fd7b0022c470e1ad15d.jpg,1
7accd76c608f40549f7dec5fc293a245.jpg,1
c78117807b5f4a05a4537014d7ad7bde.png,1
dae7ba6647554d22962f68aae25401ca.jpg,1
cf76933ccc4d4d31bec9072ac2f928dd.jpg,1
79412a1bc2ce438cb38d480ec4ae867d.jpg,1
f667837620f44d9092f2b3de82565abb.png,1
2f376b0f759d426c8b47077928009588.jpg,1
cf8919ac239d42d68fd06d8ab8d7e6b3.jpg,1
76c8787717a242199972087053555990.png,1
bcf81f8c6af54007a1f9a9f5a6feffdf.jpg,1
0d10641b7b6349488bbf687e549665de.jpg,1
26524663d12c4f2db48b68170cf71bf8.jpg,1
a8d9395b84ca4db5ae45b50bdc8834bc.jpg,1
901bc24f03f64e4e94b2f9748ee3cc8e.jpg,1
cf0974aebdff40bc814c8bf7a3ab96df.jpg,1
1749a67d71064dfbb228b333d3297c72.jpg,1
bf9884a3f0394b86a05053e1bedf4bb9.jpg,1
eea9c609ec7c4c2e8c9fb76f8052a9fe.jpg,1
6c467426d5404e30ba57e6e808a57ca7.jpg,1
def0dd0cf437424f85a0515df0441129.jpg,1
c90651c05c0e4ad3a148b4ef919b1050.jpg,1
6aabb74805ad411fbf976f94d67119a8.jpg,1
be5accec03ac49c49980e11b875dc2b3.jpg,1
3592fe03b5c942548fa62dc823512b21.jpg,1
2088e8fcb1e24936b1ddd3ac0900d4a7.jpg,1
da11f83c6d2d4031b0a9eb6919c1a6fa.jpg,1
0aef2cdc06634dcf9fe44657104c2cf5.jpg,1
7f25d33f5b004f648395fa7077b0784a.jpg,1
be46a5c6627b4cbc8d76980e0e4888d4.jpg,1
24e1af0cbebd45fcb616c732037b8f69.jpg,1
b162e1e531594458bd15e81017a80ed8.jpg,1
222bb701517b4f60ae18e7168699a08e.jpg,1
a23655aedc5d4add9d2fdb858a17dadc.jpg,1
aa140226d4a441b9bdc35737b5d75723.jpg,1
fcf577cfb3a94d0f99f72da0d148ed62.jpg,1
1eed9141ac6d4a888bb6db18ad6d2571.jpg,1
dc304f62bdd34a14bc3a999a64a35e2b.png,1
90bbe892e7a24934a53780c23e19e28b.png,1
91a589b5d61d477496dcd4e0630e0fa9.jpg,1
542507fe66494e8698dfd12227af54a9.jpg,1
92d27fdbd19e4b5390fd43dcbb754cd3.jpg,1
551a0daade2c426e9a0cab2be96dae4b.jpg,1
c8323b80fc574cbd9a0c7fff3be46f75.jpg,1
d6498edd659441a58cc10f79d844c3b5.jpg,1
bb127c5867704fddbff967f62198e359.png,1
c29de304448a4907aa83d7b512e1a1dd.jpg,1
e190abc352684375902b8f9edbf366c2.png,1
451d3f83ca954f25990a0fd26aa9eb5a.jpg,1
299811f4c2aa438887481cd5e45cba21.jpg,1
0d9e5e5a3be54e729570198c6282c1da.png,1
892575d5007944729495398dfc2cd603.jpg,1
9cbb4b7dee7b4f1fae235a33c93d32c6.jpg,1
f011da49b2764e2ca35945126ea9cbfd.jpg,1
306a54c79fb8498fbf9995a0916b8376.png,1
58517127c5044f0a91d1992b49991254.jpg,1
4d556e6433274f658b89039eaedb5a6c.jpg,1
2b14d89166634cb0bd829bfaeea39965.jpg,1
31ef479533104f6eb8863f7a52abe15f.jpg,1
fa9bdb8816b34c47b8070aeeede35897.jpg,1
30debc30978e4263854dc373d28d2564.jpg,1
47143317fbb74d8ca3805a3f888b81d9.jpg,1
9edcb97819d743219ea6f7cbeaa215d2.jpg,1
16b5a36c1d3f4059bd5a1b75db9478ba.jpg,1
68e22fb8000940d3a2a2991400126895.jpg,1
78a99475d980443bb0ff122b75a1a565.jpg,1
1df6e10301f94ea19c47af3ed9b3bb56.jpg,1
38acd6ffdfbe46d091f7b14bf1240b41.jpg,1
87baf2d6acfa492d8af7564711e1c5ce.jpg,1
930b853ed6d14c8ab8733f27f707b9ec.jpg,1
74af02c3c7a44217ab7484c121e5294e.jpg,1
3cf39083566e4893b5a30598719b341c.png,1
ec484c42967d4c17afd47578c9c61e3e.jpg,1
32474298cb214b11bc6b3744133eeb43.jpg,1
a163515ab9184e2fb17f9b5488322380.jpg,1
2d5dcfca95be4f30ab3a3a2e5db491b0.jpg,1
c399dbb327ed48de86e165ae72984297.jpg,1
68c25f306b41468ca7c2b9ca39b9882e.jpg,1
34de357c698e4913af3fac1b35f36092.jpg,1
647bdb014c0847f6a8a4b33dc1c78416.jpg,1
4a65d01f813a4b70abfc542097ca75c7.jpg,1
72c33ff0f6d64d9e899b3ad4d3a267bb.png,1
5c92f165baae44ad9f9e412d45dba29e.png,1
8b10fb8a9b07403f9221503130007b9d.jpg,1
db0080f6beee470e9494727675dd6d21.jpg,1
35153ce5400b42fb9661801834d3b376.jpg,1
0ded2df20a37418398ed3b1f50e8f676.png,1
87ce6e9973f24815975193db9586d725.jpg,1
40c7b4dccb8645b0b1aa1774365334ad.jpg,1
c85b7da3313a473586268615db7e6b97.jpg,1
f635c27f83194459a1fb2d1d73e27907.png,1
1fb9f90f2515490ea81cec6181baf4b3.jpg,1
0af8b765fd8b4b4bad0c699749c20412.jpg,1
fbb672c25ad743fba1df7049293f1c83.png,1
1a590b42fa744062b9da438d6761088c.png,1
b5533af0dd8d4a37a89cbf4d793a5cbf.png,1
a06c5349613641399f350604331c2706.jpg,1
dd8f78e2dc9142ea9c8840b4b04c5e5c.jpg,1
c9e24429f1544eb0b72930298b5b3e16.jpg,1
2179bb18b7414f2c906baec14b82a72b.jpg,1
fe2f105ab39a417eb843e1f1888ce666.jpg,1
09b23adb33274d8cb101396bf22fdf96.png,1
1393ec7c03d8430fa341c7fea3f23005.jpg,1
bf54389641c44198abe44cced0a5d6be.jpg,1
0cbdba75262a41d7bf61a690887d7da6.jpg,1
32666659ab7c48eeb2d65202a5688015.png,1
94234dc0d340417b8898ddf4d85241b3.jpg,1
e9ebd14f68d84fb3897a7c375cce1b12.jpg,1
c8f515f47e474227aca9a2c7e7a05c8e.jpg,1
70358d9518504b8492949fc709c13110.jpg,1
66c65624546f48d294da7618508c7831.jpg,1
54139ab75f1648fa935a6d5233ebf1fd.jpg,1
8db960a2c26f4a81ae697c40f4281892.jpg,1
